2026-09-10 21:05:09,749	INFO cli.py:41 -- [37mJob submission server address[39m: [1mhttp://physical-ai-02-vla-finetuning-p97ft-head-svc.default.svc.cluster.local:8265[22m
2026-09-10 21:05:10,418	SUCC cli.py:65 -- [32m----------------------------------------------------------------[39m
2026-09-10 21:05:10,418	SUCC cli.py:66 -- [32mJob 'physical-ai-02-vla-finetuning-4tbkd' submitted successfully[39m
2026-09-10 21:05:10,418	SUCC cli.py:67 -- [32m----------------------------------------------------------------[39m
2026-09-10 21:05:10,418	INFO cli.py:326 -- [36mNext steps[39m
2026-09-10 21:05:10,418	INFO cli.py:327 -- Query the logs of the job:
2026-09-10 21:05:10,418	INFO cli.py:329 -- [1mray job logs physical-ai-02-vla-finetuning-4tbkd[22m
2026-09-10 21:05:10,418	INFO cli.py:331 -- Query the status of the job:
2026-09-10 21:05:10,418	INFO cli.py:333 -- [1mray job status physical-ai-02-vla-finetuning-4tbkd[22m
2026-09-10 21:05:10,418	INFO cli.py:335 -- Request the job to be stopped:
2026-09-10 21:05:10,418	INFO cli.py:337 -- [1mray job stop physical-ai-02-vla-finetuning-4tbkd[22m
2026-09-10 21:05:11,996	INFO cli.py:41 -- [37mJob submission server address[39m: [1mhttp://physical-ai-02-vla-finetuning-p97ft-head-svc.default.svc.cluster.local:8265[22m
2026-09-10 21:05:10,290	INFO job_manager.py:587 -- Runtime env is setting up.
Running entrypoint for job physical-ai-02-vla-finetuning-4tbkd: bash -c "bash /app/tools/setup_vla_deps.sh && PYTHONPATH=/app:/app/tools: python3 /app/scripts/02_vla_finetuning.py --dataset-uri /checkpoint/physical-ai/mirror/libero --storage-root /checkpoint/physical-ai --num-workers 8 --max-steps 1000 --round-name round1"
=== Checking and installing VLA environment dependencies ===
=== Installing PyTorch 2.11.0 + torchvision (CUDA) ===
Looking in indexes: https://download.pytorch.org/whl/cu128
Collecting torch==2.11.0
  Downloading https://download-r2.pytorch.org/whl/cu128/torch-2.11.0%2Bcu128-cp311-cp311-manylinux_2_28_x86_64.whl.metadata (29 kB)
Collecting torchvision
  Downloading https://download-r2.pytorch.org/whl/cu128/torchvision-0.26.0%2Bcu128-cp311-cp311-manylinux_2_28_x86_64.whl.metadata (5.5 kB)
Requirement already satisfied: filelock in ./anaconda3/lib/python3.11/site-packages (from torch==2.11.0) (3.17.0)
Requirement already satisfied: typing-extensions>=4.10.0 in ./anaconda3/lib/python3.11/site-packages (from torch==2.11.0) (4.15.0)
Requirement already satisfied: setuptools<82 in ./anaconda3/lib/python3.11/site-packages (from torch==2.11.0) (80.9.0)
Collecting sympy>=1.13.3 (from torch==2.11.0)
  Downloading sympy-1.14.0-py3-none-any.whl.metadata (12 kB)
Collecting networkx>=2.5.1 (from torch==2.11.0)
  Downloading networkx-3.6.1-py3-none-any.whl.metadata (6.8 kB)
Requirement already satisfied: jinja2 in ./anaconda3/lib/python3.11/site-packages (from torch==2.11.0) (3.1.6)
Requirement already satisfied: fsspec>=0.8.5 in ./anaconda3/lib/python3.11/site-packages (from torch==2.11.0) (2023.12.1)
Collecting cuda-toolkit==12.8.1 (from cuda-toolkit[cublas,cudart,cufft,cufile,cupti,curand,cusolver,cusparse,nvjitlink,nvrtc,nvtx]==12.8.1; platform_system == "Linux"->torch==2.11.0)
  Downloading https://pypi.nvidia.com/cuda-toolkit/cuda_toolkit-12.8.1-py2.py3-none-any.whl (2.3 kB)
Collecting cuda-bindings<13,>=12.9.4 (from torch==2.11.0)
  Downloading cuda_bindings-12.9.7-cp311-cp311-manylinux_2_24_x86_64.manylinux_2_28_x86_64.whl.metadata (2.6 kB)
Collecting nvidia-cudnn-cu12==9.19.0.56 (from torch==2.11.0)
  Downloading https://pypi.nvidia.com/nvidia-cudnn-cu12/nvidia_cudnn_cu12-9.19.0.56-py3-none-manylinux_2_27_x86_64.whl (657.9 MB)
     ━━━━━━━━━━━━━━━━━━━━━━━━━━━━━━━━━━━━━ 657.9/657.9 MB 228.8 MB/s eta 0:00:00
Collecting nvidia-cusparselt-cu12==0.7.1 (from torch==2.11.0)
  Downloading https://pypi.nvidia.com/nvidia-cusparselt-cu12/nvidia_cusparselt_cu12-0.7.1-py3-none-manylinux2014_x86_64.whl (287.2 MB)
     ━━━━━━━━━━━━━━━━━━━━━━━━━━━━━━━━━━━━━ 287.2/287.2 MB 229.0 MB/s eta 0:00:00
Collecting nvidia-nccl-cu12==2.28.9 (from torch==2.11.0)
  Downloading https://pypi.nvidia.com/nvidia-nccl-cu12/nvidia_nccl_cu12-2.28.9-py3-none-manylinux_2_18_x86_64.whl (296.8 MB)
     ━━━━━━━━━━━━━━━━━━━━━━━━━━━━━━━━━━━━━ 296.8/296.8 MB 229.7 MB/s eta 0:00:00
Collecting nvidia-nvshmem-cu12==3.4.5 (from torch==2.11.0)
  Downloading https://pypi.nvidia.com/nvidia-nvshmem-cu12/nvidia_nvshmem_cu12-3.4.5-py3-none-manylinux2014_x86_64.manylinux_2_17_x86_64.whl (139.1 MB)
     ━━━━━━━━━━━━━━━━━━━━━━━━━━━━━━━━━━━━━ 139.1/139.1 MB 230.0 MB/s eta 0:00:00
Collecting triton==3.6.0 (from torch==2.11.0)
  Downloading https://download-r2.pytorch.org/whl/triton-3.6.0-cp311-cp311-manylinux_2_27_x86_64.manylinux_2_28_x86_64.whl.metadata (1.7 kB)
Collecting nvidia-cublas-cu12==12.8.4.1.* (from cuda-toolkit[cublas,cudart,cufft,cufile,cupti,curand,cusolver,cusparse,nvjitlink,nvrtc,nvtx]==12.8.1; platform_system == "Linux"->torch==2.11.0)
  Downloading https://pypi.nvidia.com/nvidia-cublas-cu12/nvidia_cublas_cu12-12.8.4.1-py3-none-manylinux_2_27_x86_64.whl (594.3 MB)
     ━━━━━━━━━━━━━━━━━━━━━━━━━━━━━━━━━━━━━ 594.3/594.3 MB 222.4 MB/s eta 0:00:00
Collecting nvidia-cuda-runtime-cu12==12.8.90.* (from cuda-toolkit[cublas,cudart,cufft,cufile,cupti,curand,cusolver,cusparse,nvjitlink,nvrtc,nvtx]==12.8.1; platform_system == "Linux"->torch==2.11.0)
  Downloading https://pypi.nvidia.com/nvidia-cuda-runtime-cu12/nvidia_cuda_runtime_cu12-12.8.90-py3-none-manylinux2014_x86_64.manylinux_2_17_x86_64.whl (954 kB)
     ━━━━━━━━━━━━━━━━━━━━━━━━━━━━━━━━━━━━━ 954.8/954.8 kB 306.7 MB/s eta 0:00:00
Collecting nvidia-cufft-cu12==11.3.3.83.* (from cuda-toolkit[cublas,cudart,cufft,cufile,cupti,curand,cusolver,cusparse,nvjitlink,nvrtc,nvtx]==12.8.1; platform_system == "Linux"->torch==2.11.0)
  Downloading https://pypi.nvidia.com/nvidia-cufft-cu12/nvidia_cufft_cu12-11.3.3.83-py3-none-manylinux2014_x86_64.manylinux_2_17_x86_64.whl (193.1 MB)
     ━━━━━━━━━━━━━━━━━━━━━━━━━━━━━━━━━━━━━ 193.1/193.1 MB 224.7 MB/s eta 0:00:00
Collecting nvidia-cufile-cu12==1.13.1.3.* (from cuda-toolkit[cublas,cudart,cufft,cufile,cupti,curand,cusolver,cusparse,nvjitlink,nvrtc,nvtx]==12.8.1; platform_system == "Linux"->torch==2.11.0)
  Downloading https://pypi.nvidia.com/nvidia-cufile-cu12/nvidia_cufile_cu12-1.13.1.3-py3-none-manylinux2014_x86_64.manylinux_2_17_x86_64.whl (1.2 MB)
     ━━━━━━━━━━━━━━━━━━━━━━━━━━━━━━━━━━━━━━━━ 1.2/1.2 MB 283.2 MB/s eta 0:00:00
Collecting nvidia-cuda-cupti-cu12==12.8.90.* (from cuda-toolkit[cublas,cudart,cufft,cufile,cupti,curand,cusolver,cusparse,nvjitlink,nvrtc,nvtx]==12.8.1; platform_system == "Linux"->torch==2.11.0)
  Downloading https://pypi.nvidia.com/nvidia-cuda-cupti-cu12/nvidia_cuda_cupti_cu12-12.8.90-py3-none-manylinux2014_x86_64.manylinux_2_17_x86_64.whl (10.2 MB)
     ━━━━━━━━━━━━━━━━━━━━━━━━━━━━━━━━━━━━━━━ 10.2/10.2 MB 226.4 MB/s eta 0:00:00
Collecting nvidia-curand-cu12==10.3.9.90.* (from cuda-toolkit[cublas,cudart,cufft,cufile,cupti,curand,cusolver,cusparse,nvjitlink,nvrtc,nvtx]==12.8.1; platform_system == "Linux"->torch==2.11.0)
  Downloading https://pypi.nvidia.com/nvidia-curand-cu12/nvidia_curand_cu12-10.3.9.90-py3-none-manylinux_2_27_x86_64.whl (63.6 MB)
     ━━━━━━━━━━━━━━━━━━━━━━━━━━━━━━━━━━━━━━━ 63.6/63.6 MB 228.2 MB/s eta 0:00:00
Collecting nvidia-cusolver-cu12==11.7.3.90.* (from cuda-toolkit[cublas,cudart,cufft,cufile,cupti,curand,cusolver,cusparse,nvjitlink,nvrtc,nvtx]==12.8.1; platform_system == "Linux"->torch==2.11.0)
  Downloading https://pypi.nvidia.com/nvidia-cusolver-cu12/nvidia_cusolver_cu12-11.7.3.90-py3-none-manylinux_2_27_x86_64.whl (267.5 MB)
     ━━━━━━━━━━━━━━━━━━━━━━━━━━━━━━━━━━━━━ 267.5/267.5 MB 224.2 MB/s eta 0:00:00
Collecting nvidia-cusparse-cu12==12.5.8.93.* (from cuda-toolkit[cublas,cudart,cufft,cufile,cupti,curand,cusolver,cusparse,nvjitlink,nvrtc,nvtx]==12.8.1; platform_system == "Linux"->torch==2.11.0)
  Downloading https://pypi.nvidia.com/nvidia-cusparse-cu12/nvidia_cusparse_cu12-12.5.8.93-py3-none-manylinux2014_x86_64.manylinux_2_17_x86_64.whl (288.2 MB)
     ━━━━━━━━━━━━━━━━━━━━━━━━━━━━━━━━━━━━━ 288.2/288.2 MB 186.3 MB/s eta 0:00:00
Collecting nvidia-nvjitlink-cu12==12.8.93.* (from cuda-toolkit[cublas,cudart,cufft,cufile,cupti,curand,cusolver,cusparse,nvjitlink,nvrtc,nvtx]==12.8.1; platform_system == "Linux"->torch==2.11.0)
  Downloading https://pypi.nvidia.com/nvidia-nvjitlink-cu12/nvidia_nvjitlink_cu12-12.8.93-py3-none-manylinux2010_x86_64.manylinux_2_12_x86_64.whl (39.3 MB)
     ━━━━━━━━━━━━━━━━━━━━━━━━━━━━━━━━━━━━━━━ 39.3/39.3 MB 230.6 MB/s eta 0:00:00
Collecting nvidia-cuda-nvrtc-cu12==12.8.93.* (from cuda-toolkit[cublas,cudart,cufft,cufile,cupti,curand,cusolver,cusparse,nvjitlink,nvrtc,nvtx]==12.8.1; platform_system == "Linux"->torch==2.11.0)
  Downloading https://pypi.nvidia.com/nvidia-cuda-nvrtc-cu12/nvidia_cuda_nvrtc_cu12-12.8.93-py3-none-manylinux2010_x86_64.manylinux_2_12_x86_64.whl (88.0 MB)
     ━━━━━━━━━━━━━━━━━━━━━━━━━━━━━━━━━━━━━━━ 88.0/88.0 MB 225.1 MB/s eta 0:00:00
Collecting nvidia-nvtx-cu12==12.8.90.* (from cuda-toolkit[cublas,cudart,cufft,cufile,cupti,curand,cusolver,cusparse,nvjitlink,nvrtc,nvtx]==12.8.1; platform_system == "Linux"->torch==2.11.0)
  Downloading https://pypi.nvidia.com/nvidia-nvtx-cu12/nvidia_nvtx_cu12-12.8.90-py3-none-manylinux2014_x86_64.manylinux_2_17_x86_64.whl (89 kB)
Requirement already satisfied: numpy in ./anaconda3/lib/python3.11/site-packages (from torchvision) (1.26.4)
Collecting pillow!=8.3.*,>=5.3.0 (from torchvision)
  Downloading pillow-12.3.0-cp311-cp311-manylinux_2_27_x86_64.manylinux_2_28_x86_64.whl.metadata (9.1 kB)
Collecting cuda-pathfinder~=1.1 (from cuda-bindings<13,>=12.9.4->torch==2.11.0)
  Downloading cuda_pathfinder-1.6.0-py3-none-any.whl.metadata (1.9 kB)
Collecting mpmath<1.4,>=1.1.0 (from sympy>=1.13.3->torch==2.11.0)
  Downloading mpmath-1.3.0-py3-none-any.whl.metadata (8.6 kB)
Requirement already satisfied: MarkupSafe>=2.0 in ./anaconda3/lib/python3.11/site-packages (from jinja2->torch==2.11.0) (2.1.3)
Downloading https://download-r2.pytorch.org/whl/cu128/torch-2.11.0%2Bcu128-cp311-cp311-manylinux_2_28_x86_64.whl (820.2 MB)
   ━━━━━━━━━━━━━━━━━━━━━━━━━━━━━━━━━━━━━━━ 820.2/820.2 MB 209.4 MB/s eta 0:00:00
Downloading https://download-r2.pytorch.org/whl/triton-3.6.0-cp311-cp311-manylinux_2_27_x86_64.manylinux_2_28_x86_64.whl (188.2 MB)
   ━━━━━━━━━━━━━━━━━━━━━━━━━━━━━━━━━━━━━━━ 188.2/188.2 MB 190.7 MB/s eta 0:00:00
Downloading https://download-r2.pytorch.org/whl/cu128/torchvision-0.26.0%2Bcu128-cp311-cp311-manylinux_2_28_x86_64.whl (8.1 MB)
   ━━━━━━━━━━━━━━━━━━━━━━━━━━━━━━━━━━━━━━━━ 8.1/8.1 MB 79.8 MB/s eta 0:00:00
Downloading cuda_bindings-12.9.7-cp311-cp311-manylinux_2_24_x86_64.manylinux_2_28_x86_64.whl (7.6 MB)
   ━━━━━━━━━━━━━━━━━━━━━━━━━━━━━━━━━━━━━━━━ 7.6/7.6 MB 74.5 MB/s eta 0:00:00
Downloading networkx-3.6.1-py3-none-any.whl (2.1 MB)
   ━━━━━━━━━━━━━━━━━━━━━━━━━━━━━━━━━━━━━━━━ 2.1/2.1 MB 48.0 MB/s eta 0:00:00
Downloading pillow-12.3.0-cp311-cp311-manylinux_2_27_x86_64.manylinux_2_28_x86_64.whl (6.9 MB)
   ━━━━━━━━━━━━━━━━━━━━━━━━━━━━━━━━━━━━━━━━ 6.9/6.9 MB 184.7 MB/s eta 0:00:00
Downloading sympy-1.14.0-py3-none-any.whl (6.3 MB)
   ━━━━━━━━━━━━━━━━━━━━━━━━━━━━━━━━━━━━━━━━ 6.3/6.3 MB 235.5 MB/s eta 0:00:00
Downloading cuda_pathfinder-1.6.0-py3-none-any.whl (54 kB)
Downloading mpmath-1.3.0-py3-none-any.whl (536 kB)
   ━━━━━━━━━━━━━━━━━━━━━━━━━━━━━━━━━━━━━━━ 536.2/536.2 kB 754.0 MB/s eta 0:00:00
Installing collected packages: nvidia-cusparselt-cu12, mpmath, cuda-toolkit, triton, sympy, pillow, nvidia-nvtx-cu12, nvidia-nvshmem-cu12, nvidia-nvjitlink-cu12, nvidia-nccl-cu12, nvidia-curand-cu12, nvidia-cufile-cu12, nvidia-cuda-runtime-cu12, nvidia-cuda-nvrtc-cu12, nvidia-cuda-cupti-cu12, nvidia-cublas-cu12, networkx, cuda-pathfinder, nvidia-cusparse-cu12, nvidia-cufft-cu12, nvidia-cudnn-cu12, cuda-bindings, nvidia-cusolver-cu12, torch, torchvision
Successfully installed cuda-bindings-12.9.7 cuda-pathfinder-1.6.0 cuda-toolkit-12.8.1 mpmath-1.3.0 networkx-3.6.1 nvidia-cublas-cu12-12.8.4.1 nvidia-cuda-cupti-cu12-12.8.90 nvidia-cuda-nvrtc-cu12-12.8.93 nvidia-cuda-runtime-cu12-12.8.90 nvidia-cudnn-cu12-9.19.0.56 nvidia-cufft-cu12-11.3.3.83 nvidia-cufile-cu12-1.13.1.3 nvidia-curand-cu12-10.3.9.90 nvidia-cusolver-cu12-11.7.3.90 nvidia-cusparse-cu12-12.5.8.93 nvidia-cusparselt-cu12-0.7.1 nvidia-nccl-cu12-2.28.9 nvidia-nvjitlink-cu12-12.8.93 nvidia-nvshmem-cu12-3.4.5 nvidia-nvtx-cu12-12.8.90 pillow-12.3.0 sympy-1.14.0 torch-2.11.0+cu128 torchvision-0.26.0+cu128 triton-3.6.0
Collecting lerobot==0.4.3
  Downloading lerobot-0.4.3-py3-none-any.whl.metadata (17 kB)
Downloading lerobot-0.4.3-py3-none-any.whl (993 kB)
   ━━━━━━━━━━━━━━━━━━━━━━━━━━━━━━━━━━━━━━━━ 993.6/993.6 kB 37.3 MB/s eta 0:00:00
Installing collected packages: lerobot
Successfully installed lerobot-0.4.3
Requirement already satisfied: numpy<2,>=1.26 in ./anaconda3/lib/python3.11/site-packages (1.26.4)
Requirement already satisfied: Pillow>=10.0 in ./anaconda3/lib/python3.11/site-packages (12.3.0)
Collecting accelerate<2.0,>=1.10
  Downloading accelerate-1.15.0-py3-none-any.whl.metadata (19 kB)
Collecting einops<0.9,>=0.8
  Downloading einops-0.8.2-py3-none-any.whl.metadata (13 kB)
Collecting opencv-python-headless<4.10,>=4.9
  Downloading opencv_python_headless-4.9.0.80-cp37-abi3-manylinux_2_17_x86_64.manylinux2014_x86_64.whl.metadata (20 kB)
Collecting termcolor<4,>=2.4
  Downloading termcolor-3.3.0-py3-none-any.whl.metadata (6.5 kB)
Collecting datasets<4.2,>=4.0
  Downloading datasets-4.1.1-py3-none-any.whl.metadata (18 kB)
Collecting diffusers<0.36,>=0.27.2
  Downloading diffusers-0.35.2-py3-none-any.whl.metadata (20 kB)
Collecting draccus==0.10.0
  Downloading draccus-0.10.0-py3-none-any.whl.metadata (24 kB)
Collecting imageio==2.37.0 (from imageio[ffmpeg]==2.37.0)
  Downloading imageio-2.37.0-py3-none-any.whl.metadata (5.2 kB)
Collecting av==15.1.0
  Downloading av-15.1.0-cp311-cp311-manylinux_2_28_x86_64.whl.metadata (4.6 kB)
Collecting num2words<0.6,>=0.5
  Downloading num2words-0.5.14-py3-none-any.whl.metadata (13 kB)
Collecting sentencepiece==0.2.2
  Downloading sentencepiece-0.2.2-cp311-cp311-manylinux_2_27_x86_64.manylinux_2_28_x86_64.whl.metadata (33 kB)
Collecting s3fs>=2024.1
  Downloading s3fs-2026.7.0-py3-none-any.whl.metadata (1.2 kB)
Collecting fsspec>=2024.1 (from fsspec[s3]>=2024.1)
  Downloading fsspec-2026.7.0-py3-none-any.whl.metadata (10 kB)
Collecting pyserial<4,>=3.5
  Downloading pyserial-3.5-py2.py3-none-any.whl.metadata (1.6 kB)
Collecting deepdiff<9,>=7
  Downloading deepdiff-8.6.2-py3-none-any.whl.metadata (8.8 kB)
Collecting jsonlines<5,>=4
  Downloading jsonlines-4.0.0-py3-none-any.whl.metadata (1.6 kB)
Collecting wandb<0.25,>=0.24
  Downloading wandb-0.24.2-py3-none-manylinux_2_28_x86_64.whl.metadata (12 kB)
Collecting mergedeep~=1.3 (from draccus==0.10.0)
  Downloading mergedeep-1.3.4-py3-none-any.whl.metadata (4.3 kB)
Requirement already satisfied: pyyaml~=6.0 in ./anaconda3/lib/python3.11/site-packages (from draccus==0.10.0) (6.0.3)
Collecting pyyaml-include~=1.4 (from draccus==0.10.0)
  Downloading pyyaml_include-1.4.1-py3-none-any.whl.metadata (1.3 kB)
Collecting toml~=0.10 (from draccus==0.10.0)
  Downloading toml-0.10.2-py2.py3-none-any.whl.metadata (7.1 kB)
Collecting typing-inspect~=0.9.0 (from draccus==0.10.0)
  Downloading typing_inspect-0.9.0-py3-none-any.whl.metadata (1.5 kB)
Collecting imageio-ffmpeg (from imageio[ffmpeg]==2.37.0)
  Downloading imageio_ffmpeg-0.6.0-py3-none-manylinux2014_x86_64.whl.metadata (1.5 kB)
Requirement already satisfied: psutil in ./anaconda3/lib/python3.11/site-packages (from imageio[ffmpeg]==2.37.0) (5.9.6)
Requirement already satisfied: packaging>=20.0 in ./anaconda3/lib/python3.11/site-packages (from accelerate<2.0,>=1.10) (24.2)
Requirement already satisfied: torch>=2.0.0 in ./anaconda3/lib/python3.11/site-packages (from accelerate<2.0,>=1.10) (2.11.0+cu128)
Collecting huggingface_hub>=0.21.0 (from accelerate<2.0,>=1.10)
  Downloading huggingface_hub-1.31.0-py3-none-any.whl.metadata (16 kB)
Collecting safetensors>=0.4.3 (from accelerate<2.0,>=1.10)
  Downloading safetensors-0.8.0-cp310-abi3-manylinux_2_17_x86_64.manylinux2014_x86_64.whl.metadata (4.2 kB)
Requirement already satisfied: filelock in ./anaconda3/lib/python3.11/site-packages (from datasets<4.2,>=4.0) (3.17.0)
Collecting pyarrow>=21.0.0 (from datasets<4.2,>=4.0)
  Downloading pyarrow-25.0.1-cp311-cp311-manylinux_2_28_x86_64.whl.metadata (3.0 kB)
Collecting dill<0.4.1,>=0.3.0 (from datasets<4.2,>=4.0)
  Downloading dill-0.4.0-py3-none-any.whl.metadata (10 kB)
Requirement already satisfied: pandas in ./anaconda3/lib/python3.11/site-packages (from datasets<4.2,>=4.0) (1.5.3)
Requirement already satisfied: requests>=2.32.2 in ./anaconda3/lib/python3.11/site-packages (from datasets<4.2,>=4.0) (2.32.5)
Requirement already satisfied: tqdm>=4.66.3 in ./anaconda3/lib/python3.11/site-packages (from datasets<4.2,>=4.0) (4.67.1)
Collecting xxhash (from datasets<4.2,>=4.0)
  Downloading xxhash-4.0.1-cp311-cp311-manylinux2014_x86_64.manylinux_2_17_x86_64.manylinux_2_28_x86_64.whl.metadata (17 kB)
Collecting multiprocess<0.70.17 (from datasets<4.2,>=4.0)
  Downloading multiprocess-0.70.16-py311-none-any.whl.metadata (7.2 kB)
Collecting fsspec>=2024.1 (from fsspec[s3]>=2024.1)
  Downloading fsspec-2025.9.0-py3-none-any.whl.metadata (10 kB)
Requirement already satisfied: importlib_metadata in ./anaconda3/lib/python3.11/site-packages (from diffusers<0.36,>=0.27.2) (6.11.0)
Collecting regex!=2019.12.17 (from diffusers<0.36,>=0.27.2)
  Downloading regex-2026.9.10-cp311-cp311-manylinux2014_x86_64.manylinux_2_17_x86_64.manylinux_2_28_x86_64.whl.metadata (40 kB)
Collecting docopt>=0.6.2 (from num2words<0.6,>=0.5)
  Downloading docopt-0.6.2.tar.gz (25 kB)
  Preparing metadata (setup.py): started
  Preparing metadata (setup.py): finished with status 'done'
Collecting aiobotocore<4.0.0,>=2.19.0 (from s3fs>=2024.1)
  Downloading aiobotocore-3.9.1-py3-none-any.whl.metadata (31 kB)
INFO: pip is looking at multiple versions of s3fs to determine which version is compatible with other requirements. This could take a while.
Collecting s3fs>=2024.1
  Downloading s3fs-2026.6.0-py3-none-any.whl.metadata (1.2 kB)
  Downloading s3fs-2026.4.0-py3-none-any.whl.metadata (1.2 kB)
  Downloading s3fs-2026.3.0-py3-none-any.whl.metadata (1.2 kB)
  Downloading s3fs-2026.2.0-py3-none-any.whl.metadata (1.2 kB)
  Downloading s3fs-2026.1.0-py3-none-any.whl.metadata (1.2 kB)
  Downloading s3fs-2025.12.0-py3-none-any.whl.metadata (1.2 kB)
Collecting aiobotocore<3.0.0,>=2.5.4 (from s3fs>=2024.1)
  Downloading aiobotocore-2.26.0-py3-none-any.whl.metadata (25 kB)
Collecting s3fs>=2024.1
  Downloading s3fs-2025.10.0-py3-none-any.whl.metadata (1.4 kB)
INFO: pip is still looking at multiple versions of s3fs to determine which version is compatible with other requirements. This could take a while.
  Downloading s3fs-2025.9.0-py3-none-any.whl.metadata (1.4 kB)
Requirement already satisfied: aiohttp!=4.0.0a0,!=4.0.0a1 in ./anaconda3/lib/python3.11/site-packages (from s3fs>=2024.1) (3.13.3)
Collecting orderly-set<6,>=5.4.1 (from deepdiff<9,>=7)
  Downloading orderly_set-5.5.0-py3-none-any.whl.metadata (6.6 kB)
Requirement already satisfied: attrs>=19.2.0 in ./anaconda3/lib/python3.11/site-packages (from jsonlines<5,>=4) (25.1.0)
Requirement already satisfied: click>=8.0.1 in ./anaconda3/lib/python3.11/site-packages (from wandb<0.25,>=0.24) (8.1.7)
Collecting gitpython!=3.1.29,>=1.0.0 (from wandb<0.25,>=0.24)
  Downloading gitpython-3.1.62-py3-none-any.whl.metadata (13 kB)
Requirement already satisfied: platformdirs in ./anaconda3/lib/python3.11/site-packages (from wandb<0.25,>=0.24) (3.11.0)
Requirement already satisfied: protobuf!=4.21.0,!=5.28.0,<7,>=3.19.0 in ./anaconda3/lib/python3.11/site-packages (from wandb<0.25,>=0.24) (4.25.8)
Requirement already satisfied: pydantic<3 in ./anaconda3/lib/python3.11/site-packages (from wandb<0.25,>=0.24) (2.12.4)
Collecting sentry-sdk>=2.0.0 (from wandb<0.25,>=0.24)
  Downloading sentry_sdk-2.69.1-py3-none-any.whl.metadata (11 kB)
Requirement already satisfied: typing-extensions<5,>=4.8 in ./anaconda3/lib/python3.11/site-packages (from wandb<0.25,>=0.24) (4.15.0)
INFO: pip is looking at multiple versions of fsspec[s3] to determine which version is compatible with other requirements. This could take a while.
Collecting fsspec[s3]>=2024.1
  Downloading fsspec-2026.6.0-py3-none-any.whl.metadata (10 kB)
  Downloading fsspec-2026.4.0-py3-none-any.whl.metadata (10 kB)
  Downloading fsspec-2026.3.0-py3-none-any.whl.metadata (10 kB)
  Downloading fsspec-2026.2.0-py3-none-any.whl.metadata (10 kB)
  Downloading fsspec-2026.1.0-py3-none-any.whl.metadata (10 kB)
  Downloading fsspec-2025.12.0-py3-none-any.whl.metadata (10 kB)
  Downloading fsspec-2025.10.0-py3-none-any.whl.metadata (10 kB)
INFO: pip is still looking at multiple versions of fsspec[s3] to determine which version is compatible with other requirements. This could take a while.
Collecting aioitertools<1.0.0,>=0.5.1 (from aiobotocore<3.0.0,>=2.5.4->s3fs>=2024.1)
  Downloading aioitertools-0.13.0-py3-none-any.whl.metadata (3.3 kB)
Collecting botocore<1.41.6,>=1.41.0 (from aiobotocore<3.0.0,>=2.5.4->s3fs>=2024.1)
  Downloading botocore-1.41.5-py3-none-any.whl.metadata (5.9 kB)
Requirement already satisfied: python-dateutil<3.0.0,>=2.1 in ./anaconda3/lib/python3.11/site-packages (from aiobotocore<3.0.0,>=2.5.4->s3fs>=2024.1) (2.8.2)
Requirement already satisfied: jmespath<2.0.0,>=0.7.1 in ./anaconda3/lib/python3.11/site-packages (from aiobotocore<3.0.0,>=2.5.4->s3fs>=2024.1) (1.0.1)
Requirement already satisfied: multidict<7.0.0,>=6.0.0 in ./anaconda3/lib/python3.11/site-packages (from aiobotocore<3.0.0,>=2.5.4->s3fs>=2024.1) (6.0.5)
Collecting wrapt<2.0.0,>=1.10.10 (from aiobotocore<3.0.0,>=2.5.4->s3fs>=2024.1)
  Downloading wrapt-1.17.3-cp311-cp311-manylinux1_x86_64.manylinux_2_28_x86_64.manylinux_2_5_x86_64.whl.metadata (6.4 kB)
Requirement already satisfied: aiohappyeyeballs>=2.5.0 in ./anaconda3/lib/python3.11/site-packages (from aiohttp!=4.0.0a0,!=4.0.0a1->s3fs>=2024.1) (2.6.1)
Requirement already satisfied: aiosignal>=1.4.0 in ./anaconda3/lib/python3.11/site-packages (from aiohttp!=4.0.0a0,!=4.0.0a1->s3fs>=2024.1) (1.4.0)
Requirement already satisfied: frozenlist>=1.1.1 in ./anaconda3/lib/python3.11/site-packages (from aiohttp!=4.0.0a0,!=4.0.0a1->s3fs>=2024.1) (1.4.1)
Requirement already satisfied: propcache>=0.2.0 in ./anaconda3/lib/python3.11/site-packages (from aiohttp!=4.0.0a0,!=4.0.0a1->s3fs>=2024.1) (0.3.0)
Requirement already satisfied: yarl<2.0,>=1.17.0 in ./anaconda3/lib/python3.11/site-packages (from aiohttp!=4.0.0a0,!=4.0.0a1->s3fs>=2024.1) (1.18.3)
Collecting gitdb<5,>=4.0.1 (from gitpython!=3.1.29,>=1.0.0->wandb<0.25,>=0.24)
  Downloading gitdb-4.0.12-py3-none-any.whl.metadata (1.2 kB)
Collecting click>=8.0.1 (from wandb<0.25,>=0.24)
  Downloading click-8.5.0-py3-none-any.whl.metadata (2.6 kB)
Collecting hf-xet<2.0.0,>=1.5.2 (from huggingface_hub>=0.21.0->accelerate<2.0,>=1.10)
  Downloading hf_xet-1.6.0-cp38-abi3-manylinux2014_x86_64.manylinux_2_17_x86_64.whl.metadata (4.9 kB)
Collecting httpx<1,>=0.23.0 (from huggingface_hub>=0.21.0->accelerate<2.0,>=1.10)
  Downloading httpx-0.28.1-py3-none-any.whl.metadata (7.1 kB)
Requirement already satisfied: annotated-types>=0.6.0 in ./anaconda3/lib/python3.11/site-packages (from pydantic<3->wandb<0.25,>=0.24) (0.6.0)
Requirement already satisfied: pydantic-core==2.41.5 in ./anaconda3/lib/python3.11/site-packages (from pydantic<3->wandb<0.25,>=0.24) (2.41.5)
Requirement already satisfied: typing-inspection>=0.4.2 in ./anaconda3/lib/python3.11/site-packages (from pydantic<3->wandb<0.25,>=0.24) (0.4.2)
Requirement already satisfied: charset_normalizer<4,>=2 in ./anaconda3/lib/python3.11/site-packages (from requests>=2.32.2->datasets<4.2,>=4.0) (3.3.2)
Requirement already satisfied: idna<4,>=2.5 in ./anaconda3/lib/python3.11/site-packages (from requests>=2.32.2->datasets<4.2,>=4.0) (3.7)
Requirement already satisfied: urllib3<3,>=1.21.1 in ./anaconda3/lib/python3.11/site-packages (from requests>=2.32.2->datasets<4.2,>=4.0) (1.26.19)
Requirement already satisfied: certifi>=2017.4.17 in ./anaconda3/lib/python3.11/site-packages (from requests>=2.32.2->datasets<4.2,>=4.0) (2025.1.31)
Requirement already satisfied: setuptools<82 in ./anaconda3/lib/python3.11/site-packages (from torch>=2.0.0->accelerate<2.0,>=1.10) (80.9.0)
Requirement already satisfied: sympy>=1.13.3 in ./anaconda3/lib/python3.11/site-packages (from torch>=2.0.0->accelerate<2.0,>=1.10) (1.14.0)
Requirement already satisfied: networkx>=2.5.1 in ./anaconda3/lib/python3.11/site-packages (from torch>=2.0.0->accelerate<2.0,>=1.10) (3.6.1)
Requirement already satisfied: jinja2 in ./anaconda3/lib/python3.11/site-packages (from torch>=2.0.0->accelerate<2.0,>=1.10) (3.1.6)
Requirement already satisfied: cuda-toolkit==12.8.1 in ./anaconda3/lib/python3.11/site-packages (from cuda-toolkit[cublas,cudart,cufft,cufile,cupti,curand,cusolver,cusparse,nvjitlink,nvrtc,nvtx]==12.8.1; platform_system == "Linux"->torch>=2.0.0->accelerate<2.0,>=1.10) (12.8.1)
Requirement already satisfied: cuda-bindings<13,>=12.9.4 in ./anaconda3/lib/python3.11/site-packages (from torch>=2.0.0->accelerate<2.0,>=1.10) (12.9.7)
Requirement already satisfied: nvidia-cudnn-cu12==9.19.0.56 in ./anaconda3/lib/python3.11/site-packages (from torch>=2.0.0->accelerate<2.0,>=1.10) (9.19.0.56)
Requirement already satisfied: nvidia-cusparselt-cu12==0.7.1 in ./anaconda3/lib/python3.11/site-packages (from torch>=2.0.0->accelerate<2.0,>=1.10) (0.7.1)
Requirement already satisfied: nvidia-nccl-cu12==2.28.9 in ./anaconda3/lib/python3.11/site-packages (from torch>=2.0.0->accelerate<2.0,>=1.10) (2.28.9)
Requirement already satisfied: nvidia-nvshmem-cu12==3.4.5 in ./anaconda3/lib/python3.11/site-packages (from torch>=2.0.0->accelerate<2.0,>=1.10) (3.4.5)
Requirement already satisfied: triton==3.6.0 in ./anaconda3/lib/python3.11/site-packages (from torch>=2.0.0->accelerate<2.0,>=1.10) (3.6.0)
Requirement already satisfied: nvidia-cublas-cu12==12.8.4.1.* in ./anaconda3/lib/python3.11/site-packages (from cuda-toolkit[cublas,cudart,cufft,cufile,cupti,curand,cusolver,cusparse,nvjitlink,nvrtc,nvtx]==12.8.1; platform_system == "Linux"->torch>=2.0.0->accelerate<2.0,>=1.10) (12.8.4.1)
Requirement already satisfied: nvidia-cuda-runtime-cu12==12.8.90.* in ./anaconda3/lib/python3.11/site-packages (from cuda-toolkit[cublas,cudart,cufft,cufile,cupti,curand,cusolver,cusparse,nvjitlink,nvrtc,nvtx]==12.8.1; platform_system == "Linux"->torch>=2.0.0->accelerate<2.0,>=1.10) (12.8.90)
Requirement already satisfied: nvidia-cufft-cu12==11.3.3.83.* in ./anaconda3/lib/python3.11/site-packages (from cuda-toolkit[cublas,cudart,cufft,cufile,cupti,curand,cusolver,cusparse,nvjitlink,nvrtc,nvtx]==12.8.1; platform_system == "Linux"->torch>=2.0.0->accelerate<2.0,>=1.10) (11.3.3.83)
Requirement already satisfied: nvidia-cufile-cu12==1.13.1.3.* in ./anaconda3/lib/python3.11/site-packages (from cuda-toolkit[cublas,cudart,cufft,cufile,cupti,curand,cusolver,cusparse,nvjitlink,nvrtc,nvtx]==12.8.1; platform_system == "Linux"->torch>=2.0.0->accelerate<2.0,>=1.10) (1.13.1.3)
Requirement already satisfied: nvidia-cuda-cupti-cu12==12.8.90.* in ./anaconda3/lib/python3.11/site-packages (from cuda-toolkit[cublas,cudart,cufft,cufile,cupti,curand,cusolver,cusparse,nvjitlink,nvrtc,nvtx]==12.8.1; platform_system == "Linux"->torch>=2.0.0->accelerate<2.0,>=1.10) (12.8.90)
Requirement already satisfied: nvidia-curand-cu12==10.3.9.90.* in ./anaconda3/lib/python3.11/site-packages (from cuda-toolkit[cublas,cudart,cufft,cufile,cupti,curand,cusolver,cusparse,nvjitlink,nvrtc,nvtx]==12.8.1; platform_system == "Linux"->torch>=2.0.0->accelerate<2.0,>=1.10) (10.3.9.90)
Requirement already satisfied: nvidia-cusolver-cu12==11.7.3.90.* in ./anaconda3/lib/python3.11/site-packages (from cuda-toolkit[cublas,cudart,cufft,cufile,cupti,curand,cusolver,cusparse,nvjitlink,nvrtc,nvtx]==12.8.1; platform_system == "Linux"->torch>=2.0.0->accelerate<2.0,>=1.10) (11.7.3.90)
Requirement already satisfied: nvidia-cusparse-cu12==12.5.8.93.* in ./anaconda3/lib/python3.11/site-packages (from cuda-toolkit[cublas,cudart,cufft,cufile,cupti,curand,cusolver,cusparse,nvjitlink,nvrtc,nvtx]==12.8.1; platform_system == "Linux"->torch>=2.0.0->accelerate<2.0,>=1.10) (12.5.8.93)
Requirement already satisfied: nvidia-nvjitlink-cu12==12.8.93.* in ./anaconda3/lib/python3.11/site-packages (from cuda-toolkit[cublas,cudart,cufft,cufile,cupti,curand,cusolver,cusparse,nvjitlink,nvrtc,nvtx]==12.8.1; platform_system == "Linux"->torch>=2.0.0->accelerate<2.0,>=1.10) (12.8.93)
Requirement already satisfied: nvidia-cuda-nvrtc-cu12==12.8.93.* in ./anaconda3/lib/python3.11/site-packages (from cuda-toolkit[cublas,cudart,cufft,cufile,cupti,curand,cusolver,cusparse,nvjitlink,nvrtc,nvtx]==12.8.1; platform_system == "Linux"->torch>=2.0.0->accelerate<2.0,>=1.10) (12.8.93)
Requirement already satisfied: nvidia-nvtx-cu12==12.8.90.* in ./anaconda3/lib/python3.11/site-packages (from cuda-toolkit[cublas,cudart,cufft,cufile,cupti,curand,cusolver,cusparse,nvjitlink,nvrtc,nvtx]==12.8.1; platform_system == "Linux"->torch>=2.0.0->accelerate<2.0,>=1.10) (12.8.90)
Collecting mypy-extensions>=0.3.0 (from typing-inspect~=0.9.0->draccus==0.10.0)
  Downloading mypy_extensions-1.1.0-py3-none-any.whl.metadata (1.1 kB)
Requirement already satisfied: zipp>=0.5 in ./anaconda3/lib/python3.11/site-packages (from importlib_metadata->diffusers<0.36,>=0.27.2) (3.19.2)
Requirement already satisfied: pytz>=2020.1 in ./anaconda3/lib/python3.11/site-packages (from pandas->datasets<4.2,>=4.0) (2022.7.1)
Requirement already satisfied: cuda-pathfinder~=1.1 in ./anaconda3/lib/python3.11/site-packages (from cuda-bindings<13,>=12.9.4->torch>=2.0.0->accelerate<2.0,>=1.10) (1.6.0)
Collecting smmap<6,>=3.0.1 (from gitdb<5,>=4.0.1->gitpython!=3.1.29,>=1.0.0->wandb<0.25,>=0.24)
  Downloading smmap-5.0.3-py3-none-any.whl.metadata (4.6 kB)
Requirement already satisfied: anyio in ./anaconda3/lib/python3.11/site-packages (from httpx<1,>=0.23.0->huggingface_hub>=0.21.0->accelerate<2.0,>=1.10) (4.12.0)
Collecting httpcore==1.* (from httpx<1,>=0.23.0->huggingface_hub>=0.21.0->accelerate<2.0,>=1.10)
  Downloading httpcore-1.0.9-py3-none-any.whl.metadata (21 kB)
Requirement already satisfied: h11>=0.16 in ./anaconda3/lib/python3.11/site-packages (from httpcore==1.*->httpx<1,>=0.23.0->huggingface_hub>=0.21.0->accelerate<2.0,>=1.10) (0.16.0)
Requirement already satisfied: six>=1.5 in ./anaconda3/lib/python3.11/site-packages (from python-dateutil<3.0.0,>=2.1->aiobotocore<3.0.0,>=2.5.4->s3fs>=2024.1) (1.16.0)
Requirement already satisfied: mpmath<1.4,>=1.1.0 in ./anaconda3/lib/python3.11/site-packages (from sympy>=1.13.3->torch>=2.0.0->accelerate<2.0,>=1.10) (1.3.0)
Requirement already satisfied: MarkupSafe>=2.0 in ./anaconda3/lib/python3.11/site-packages (from jinja2->torch>=2.0.0->accelerate<2.0,>=1.10) (2.1.3)
Downloading draccus-0.10.0-py3-none-any.whl (71 kB)
Downloading imageio-2.37.0-py3-none-any.whl (315 kB)
Downloading av-15.1.0-cp311-cp311-manylinux_2_28_x86_64.whl (39.6 MB)
   ━━━━━━━━━━━━━━━━━━━━━━━━━━━━━━━━━━━━━━━━ 39.6/39.6 MB 243.6 MB/s eta 0:00:00
Downloading sentencepiece-0.2.2-cp311-cp311-manylinux_2_27_x86_64.manylinux_2_28_x86_64.whl (1.4 MB)
   ━━━━━━━━━━━━━━━━━━━━━━━━━━━━━━━━━━━━━━━━ 1.4/1.4 MB 684.5 MB/s eta 0:00:00
Downloading accelerate-1.15.0-py3-none-any.whl (394 kB)
Downloading einops-0.8.2-py3-none-any.whl (65 kB)
Downloading opencv_python_headless-4.9.0.80-cp37-abi3-manylinux_2_17_x86_64.manylinux2014_x86_64.whl (49.6 MB)
   ━━━━━━━━━━━━━━━━━━━━━━━━━━━━━━━━━━━━━━━━ 49.6/49.6 MB 271.2 MB/s eta 0:00:00
Downloading termcolor-3.3.0-py3-none-any.whl (7.7 kB)
Downloading datasets-4.1.1-py3-none-any.whl (503 kB)
Downloading diffusers-0.35.2-py3-none-any.whl (4.1 MB)
   ━━━━━━━━━━━━━━━━━━━━━━━━━━━━━━━━━━━━━━━━ 4.1/4.1 MB 274.2 MB/s eta 0:00:00
Downloading num2words-0.5.14-py3-none-any.whl (163 kB)
Downloading s3fs-2025.9.0-py3-none-any.whl (30 kB)
Downloading fsspec-2025.9.0-py3-none-any.whl (199 kB)
Downloading pyserial-3.5-py2.py3-none-any.whl (90 kB)
Downloading deepdiff-8.6.2-py3-none-any.whl (91 kB)
Downloading jsonlines-4.0.0-py3-none-any.whl (8.7 kB)
Downloading wandb-0.24.2-py3-none-manylinux_2_28_x86_64.whl (23.0 MB)
   ━━━━━━━━━━━━━━━━━━━━━━━━━━━━━━━━━━━━━━━━ 23.0/23.0 MB 300.5 MB/s eta 0:00:00
Downloading aiobotocore-2.26.0-py3-none-any.whl (87 kB)
Downloading dill-0.4.0-py3-none-any.whl (119 kB)
Downloading gitpython-3.1.62-py3-none-any.whl (222 kB)
Downloading huggingface_hub-1.31.0-py3-none-any.whl (798 kB)
   ━━━━━━━━━━━━━━━━━━━━━━━━━━━━━━━━━━━━━━━ 798.3/798.3 kB 817.4 MB/s eta 0:00:00
Downloading click-8.5.0-py3-none-any.whl (125 kB)
Downloading mergedeep-1.3.4-py3-none-any.whl (6.4 kB)
Downloading multiprocess-0.70.16-py311-none-any.whl (143 kB)
Downloading orderly_set-5.5.0-py3-none-any.whl (13 kB)
Downloading pyarrow-25.0.1-cp311-cp311-manylinux_2_28_x86_64.whl (50.1 MB)
   ━━━━━━━━━━━━━━━━━━━━━━━━━━━━━━━━━━━━━━━━ 50.1/50.1 MB 319.0 MB/s eta 0:00:00
Downloading pyyaml_include-1.4.1-py3-none-any.whl (19 kB)
Downloading regex-2026.9.10-cp311-cp311-manylinux2014_x86_64.manylinux_2_17_x86_64.manylinux_2_28_x86_64.whl (802 kB)
   ━━━━━━━━━━━━━━━━━━━━━━━━━━━━━━━━━━━━━━━ 803.0/803.0 kB 819.4 MB/s eta 0:00:00
Downloading safetensors-0.8.0-cp310-abi3-manylinux_2_17_x86_64.manylinux2014_x86_64.whl (516 kB)
Downloading sentry_sdk-2.69.1-py3-none-any.whl (528 kB)
   ━━━━━━━━━━━━━━━━━━━━━━━━━━━━━━━━━━━━━━━ 528.6/528.6 kB 750.9 MB/s eta 0:00:00
Downloading toml-0.10.2-py2.py3-none-any.whl (16 kB)
Downloading typing_inspect-0.9.0-py3-none-any.whl (8.8 kB)
Downloading imageio_ffmpeg-0.6.0-py3-none-manylinux2014_x86_64.whl (29.5 MB)
   ━━━━━━━━━━━━━━━━━━━━━━━━━━━━━━━━━━━━━━━━ 29.5/29.5 MB 157.2 MB/s eta 0:00:00
Downloading xxhash-4.0.1-cp311-cp311-manylinux2014_x86_64.manylinux_2_17_x86_64.manylinux_2_28_x86_64.whl (261 kB)
Downloading aioitertools-0.13.0-py3-none-any.whl (24 kB)
Downloading botocore-1.41.5-py3-none-any.whl (14.3 MB)
   ━━━━━━━━━━━━━━━━━━━━━━━━━━━━━━━━━━━━━━━━ 14.3/14.3 MB 328.3 MB/s eta 0:00:00
Downloading gitdb-4.0.12-py3-none-any.whl (62 kB)
Downloading hf_xet-1.6.0-cp38-abi3-manylinux2014_x86_64.manylinux_2_17_x86_64.whl (4.5 MB)
   ━━━━━━━━━━━━━━━━━━━━━━━━━━━━━━━━━━━━━━━━ 4.5/4.5 MB 323.8 MB/s eta 0:00:00
Downloading httpx-0.28.1-py3-none-any.whl (73 kB)
Downloading httpcore-1.0.9-py3-none-any.whl (78 kB)
Downloading mypy_extensions-1.1.0-py3-none-any.whl (5.0 kB)
Downloading wrapt-1.17.3-cp311-cp311-manylinux1_x86_64.manylinux_2_28_x86_64.manylinux_2_5_x86_64.whl (82 kB)
Downloading smmap-5.0.3-py3-none-any.whl (24 kB)
Building wheels for collected packages: docopt
  Building wheel for docopt (setup.py): started
  Building wheel for docopt (setup.py): finished with status 'done'
  Created wheel for docopt: filename=docopt-0.6.2-py2.py3-none-any.whl size=13783 sha256=cd60b984481f937467971053f014bbb81cad1a0546a7c92dde6c8d52fec9c681
  Stored in directory: /tmp/pip-ephem-wheel-cache-tz6g124x/wheels/1a/b0/8c/4b75c4116c31f83c8f9f047231251e13cc74481cca4a78a9ce
Successfully built docopt
Installing collected packages: pyserial, docopt, xxhash, wrapt, toml, termcolor, smmap, sentry-sdk, sentencepiece, safetensors, regex, pyyaml-include, pyarrow, orderly-set, opencv-python-headless, num2words, mypy-extensions, mergedeep, jsonlines, imageio-ffmpeg, imageio, httpcore, hf-xet, fsspec, einops, dill, click, av, aioitertools, typing-inspect, multiprocess, httpx, gitdb, deepdiff, botocore, huggingface_hub, gitpython, draccus, aiobotocore, wandb, s3fs, diffusers, datasets, accelerate
  Attempting uninstall: pyarrow
    Found existing installation: pyarrow 19.0.1
    Uninstalling pyarrow-19.0.1:
      Successfully uninstalled pyarrow-19.0.1
  Attempting uninstall: fsspec
    Found existing installation: fsspec 2023.12.1
    Uninstalling fsspec-2023.12.1:
      Successfully uninstalled fsspec-2023.12.1
  Attempting uninstall: click
    Found existing installation: click 8.1.7
    Uninstalling click-8.1.7:
      Successfully uninstalled click-8.1.7
  Attempting uninstall: botocore
    Found existing installation: botocore 1.32.7
    Uninstalling botocore-1.32.7:
      Successfully uninstalled botocore-1.32.7
ERROR: pip's dependency resolver does not currently take into account all the packages that are installed. This behaviour is the source of the following dependency conflicts.
lerobot 0.4.3 requires cmake<4.2.0,>=3.29.0.1, which is not installed.
lerobot 0.4.3 requires pynput<1.9.0,>=1.7.7, which is not installed.
lerobot 0.4.3 requires rerun-sdk<0.27.0,>=0.24.0, which is not installed.
lerobot 0.4.3 requires torchcodec<0.6.0,>=0.2.1; sys_platform != "win32" and (sys_platform != "linux" or (platform_machine != "aarch64" and platform_machine != "arm64" and platform_machine != "armv7l")) and (sys_platform != "darwin" or platform_machine != "x86_64"), which is not installed.
boto3 1.29.7 requires botocore<1.33.0,>=1.32.7, but you have botocore 1.41.5 which is incompatible.
lerobot 0.4.3 requires huggingface-hub[cli,hf-transfer]<0.36.0,>=0.34.2, but you have huggingface-hub 1.31.0 which is incompatible.
lerobot 0.4.3 requires torch<2.8.0,>=2.2.1, but you have torch 2.11.0+cu128 which is incompatible.
lerobot 0.4.3 requires torchvision<0.23.0,>=0.21.0, but you have torchvision 0.26.0+cu128 which is incompatible.
Successfully installed accelerate-1.15.0 aiobotocore-2.26.0 aioitertools-0.13.0 av-15.1.0 botocore-1.41.5 click-8.5.0 datasets-4.1.1 deepdiff-8.6.2 diffusers-0.35.2 dill-0.4.0 docopt-0.6.2 draccus-0.10.0 einops-0.8.2 fsspec-2025.9.0 gitdb-4.0.12 gitpython-3.1.62 hf-xet-1.6.0 httpcore-1.0.9 httpx-0.28.1 huggingface_hub-1.31.0 imageio-2.37.0 imageio-ffmpeg-0.6.0 jsonlines-4.0.0 mergedeep-1.3.4 multiprocess-0.70.16 mypy-extensions-1.1.0 num2words-0.5.14 opencv-python-headless-4.9.0.80 orderly-set-5.5.0 pyarrow-25.0.1 pyserial-3.5 pyyaml-include-1.4.1 regex-2026.9.10 s3fs-2025.9.0 safetensors-0.8.0 sentencepiece-0.2.2 sentry-sdk-2.69.1 smmap-5.0.3 termcolor-3.3.0 toml-0.10.2 typing-inspect-0.9.0 wandb-0.24.2 wrapt-1.17.3 xxhash-4.0.1
=== Installing patched transformers fork ===
WARNING: Skipping transformers as it is not installed.
WARNING: Skipping tokenizers as it is not installed.
Processing /checkpoint/physical-ai/wheels/transformers-4.53.3-py3-none-any.whl
Requirement already satisfied: filelock in ./anaconda3/lib/python3.11/site-packages (from transformers==4.53.3) (3.17.0)
Collecting huggingface-hub<1.0,>=0.30.0 (from transformers==4.53.3)
  Downloading huggingface_hub-0.36.2-py3-none-any.whl.metadata (15 kB)
Requirement already satisfied: numpy>=1.17 in ./anaconda3/lib/python3.11/site-packages (from transformers==4.53.3) (1.26.4)
Requirement already satisfied: packaging>=20.0 in ./anaconda3/lib/python3.11/site-packages (from transformers==4.53.3) (24.2)
Requirement already satisfied: pyyaml>=5.1 in ./anaconda3/lib/python3.11/site-packages (from transformers==4.53.3) (6.0.3)
Requirement already satisfied: regex!=2019.12.17 in ./anaconda3/lib/python3.11/site-packages (from transformers==4.53.3) (2026.9.10)
Requirement already satisfied: requests in ./anaconda3/lib/python3.11/site-packages (from transformers==4.53.3) (2.32.5)
Collecting tokenizers<0.22,>=0.21 (from transformers==4.53.3)
  Downloading tokenizers-0.21.4-cp39-abi3-manylinux_2_17_x86_64.manylinux2014_x86_64.whl.metadata (6.7 kB)
Requirement already satisfied: safetensors>=0.4.3 in ./anaconda3/lib/python3.11/site-packages (from transformers==4.53.3) (0.8.0)
Requirement already satisfied: tqdm>=4.27 in ./anaconda3/lib/python3.11/site-packages (from transformers==4.53.3) (4.67.1)
Requirement already satisfied: fsspec>=2023.5.0 in ./anaconda3/lib/python3.11/site-packages (from huggingface-hub<1.0,>=0.30.0->transformers==4.53.3) (2025.9.0)
Requirement already satisfied: hf-xet<2.0.0,>=1.1.3 in ./anaconda3/lib/python3.11/site-packages (from huggingface-hub<1.0,>=0.30.0->transformers==4.53.3) (1.6.0)
Requirement already satisfied: typing-extensions>=3.7.4.3 in ./anaconda3/lib/python3.11/site-packages (from huggingface-hub<1.0,>=0.30.0->transformers==4.53.3) (4.15.0)
Requirement already satisfied: charset_normalizer<4,>=2 in ./anaconda3/lib/python3.11/site-packages (from requests->transformers==4.53.3) (3.3.2)
Requirement already satisfied: idna<4,>=2.5 in ./anaconda3/lib/python3.11/site-packages (from requests->transformers==4.53.3) (3.7)
Requirement already satisfied: urllib3<3,>=1.21.1 in ./anaconda3/lib/python3.11/site-packages (from requests->transformers==4.53.3) (1.26.19)
Requirement already satisfied: certifi>=2017.4.17 in ./anaconda3/lib/python3.11/site-packages (from requests->transformers==4.53.3) (2025.1.31)
Downloading huggingface_hub-0.36.2-py3-none-any.whl (566 kB)
   ━━━━━━━━━━━━━━━━━━━━━━━━━━━━━━━━━━━━━━━━ 566.4/566.4 kB 26.0 MB/s eta 0:00:00
Downloading tokenizers-0.21.4-cp39-abi3-manylinux_2_17_x86_64.manylinux2014_x86_64.whl (3.1 MB)
   ━━━━━━━━━━━━━━━━━━━━━━━━━━━━━━━━━━━━━━━━ 3.1/3.1 MB 75.9 MB/s eta 0:00:00
Installing collected packages: huggingface-hub, tokenizers, transformers
  Attempting uninstall: huggingface-hub
    Found existing installation: huggingface_hub 1.31.0
    Uninstalling huggingface_hub-1.31.0:
      Successfully uninstalled huggingface_hub-1.31.0
ERROR: pip's dependency resolver does not currently take into account all the packages that are installed. This behaviour is the source of the following dependency conflicts.
lerobot 0.4.3 requires cmake<4.2.0,>=3.29.0.1, which is not installed.
lerobot 0.4.3 requires pynput<1.9.0,>=1.7.7, which is not installed.
lerobot 0.4.3 requires rerun-sdk<0.27.0,>=0.24.0, which is not installed.
lerobot 0.4.3 requires torchcodec<0.6.0,>=0.2.1; sys_platform != "win32" and (sys_platform != "linux" or (platform_machine != "aarch64" and platform_machine != "arm64" and platform_machine != "armv7l")) and (sys_platform != "darwin" or platform_machine != "x86_64"), which is not installed.
lerobot 0.4.3 requires huggingface-hub[cli,hf-transfer]<0.36.0,>=0.34.2, but you have huggingface-hub 0.36.2 which is incompatible.
lerobot 0.4.3 requires torch<2.8.0,>=2.2.1, but you have torch 2.11.0+cu128 which is incompatible.
lerobot 0.4.3 requires torchvision<0.23.0,>=0.21.0, but you have torchvision 0.26.0+cu128 which is incompatible.
Successfully installed huggingface-hub-0.36.2 tokenizers-0.21.4 transformers-4.53.3
=== VLA dependencies ready ===
2026-09-10 21:08:23,099 [INFO] Connecting to Ray cluster...
2026-09-10 21:08:23,099	INFO worker.py:1672 -- Using address 10.4.0.242:6379 set in the environment variable RAY_ADDRESS
2026-09-10 21:08:23,101	INFO worker.py:1814 -- Connecting to existing Ray cluster at address: 10.4.0.242:6379...
2026-09-10 21:08:23,114	INFO worker.py:2003 -- Connected to Ray cluster. View the dashboard at [1m[32mhttp://10.4.0.242:8265 [39m[22m
/home/ray/anaconda3/lib/python3.11/site-packages/ray/_private/worker.py:2051: FutureWarning: Tip: In future versions of Ray, Ray will no longer override accelerator visible devices env var if num_gpus=0 or num_gpus=None (default). To enable this behavior and turn off this error message, set RAY_ACCEL_ENV_VAR_OVERRIDE_ON_ZERO=0
  warnings.warn(
2026-09-10 21:08:23,132 [INFO] Cluster: 8 GPU(s) (RTX) across 1 GPU node(s), 136 CPUs total
2026-09-10 21:08:23,132 [INFO]   physical-ai-02-vla-finetuning-p97ft-gpu-train-work-worker-nxr26: 8 x RTX, 128 CPU, 512 GiB Ray memory
2026-09-10 21:08:23,134 [INFO] Derived: train workers = 8, sim workers (nb03) = 1
2026-09-10 21:08:23,134 [INFO] Derived Ray Train workers: 8
2026-09-10 21:08:24,256 [INFO] LeRobotDatasource ready: 1 roots, 273465 total frames, 2 cameras ['observation.images.image', 'observation.images.image2'], mode='file_group'
2026-09-10 21:08:24,267 [INFO] 37 tasks, 273465 total frames, 1 roots, 2 cameras
2026-09-10 21:08:25,597 [INFO] Clearing previous run snapshot at /checkpoint/physical-ai/vla-finetune-round1 for fresh 1000-step run...
2026-09-10 21:08:26,095 [INFO] Ensuring VLA dependencies across all nodes...
2026-09-10 21:08:26,095 [INFO] Staging VLA Dependencies -> all nodes ...
2026-09-10 21:08:26,764 [INFO]   on head: ready
[36m(_stage pid=1047, ip=10.4.4.82)[0m === Checking and installing VLA environment dependencies ===
[36m(_stage pid=1047, ip=10.4.4.82)[0m === Installing PyTorch 2.11.0 + torchvision (CUDA) ===
[36m(_stage pid=1047, ip=10.4.4.82)[0m Looking in indexes: https://download.pytorch.org/whl/cu128
[36m(_stage pid=1047, ip=10.4.4.82)[0m Collecting torch==2.11.0
[36m(_stage pid=1047, ip=10.4.4.82)[0m   Downloading https://download-r2.pytorch.org/whl/cu128/torch-2.11.0%2Bcu128-cp311-cp311-manylinux_2_28_x86_64.whl.metadata (29 kB)
[36m(_stage pid=1047, ip=10.4.4.82)[0m Collecting torchvision
[36m(_stage pid=1047, ip=10.4.4.82)[0m   Downloading https://download-r2.pytorch.org/whl/cu128/torchvision-0.26.0%2Bcu128-cp311-cp311-manylinux_2_28_x86_64.whl.metadata (5.5 kB)
[36m(_stage pid=1047, ip=10.4.4.82)[0m Requirement already satisfied: filelock in ./anaconda3/lib/python3.11/site-packages (from torch==2.11.0) (3.17.0)
[36m(_stage pid=1047, ip=10.4.4.82)[0m Requirement already satisfied: typing-extensions>=4.10.0 in ./anaconda3/lib/python3.11/site-packages (from torch==2.11.0) (4.15.0)
[36m(_stage pid=1047, ip=10.4.4.82)[0m Requirement already satisfied: setuptools<82 in ./anaconda3/lib/python3.11/site-packages (from torch==2.11.0) (80.9.0)
[36m(_stage pid=1047, ip=10.4.4.82)[0m Collecting sympy>=1.13.3 (from torch==2.11.0)
[36m(_stage pid=1047, ip=10.4.4.82)[0m   Downloading sympy-1.14.0-py3-none-any.whl.metadata (12 kB)
[36m(_stage pid=1047, ip=10.4.4.82)[0m Collecting networkx>=2.5.1 (from torch==2.11.0)
[36m(_stage pid=1047, ip=10.4.4.82)[0m   Downloading networkx-3.6.1-py3-none-any.whl.metadata (6.8 kB)
[36m(_stage pid=1047, ip=10.4.4.82)[0m Requirement already satisfied: jinja2 in ./anaconda3/lib/python3.11/site-packages (from torch==2.11.0) (3.1.6)
[36m(_stage pid=1047, ip=10.4.4.82)[0m Requirement already satisfied: fsspec>=0.8.5 in ./anaconda3/lib/python3.11/site-packages (from torch==2.11.0) (2023.12.1)
[36m(_stage pid=1047, ip=10.4.4.82)[0m Collecting cuda-toolkit==12.8.1 (from cuda-toolkit[cublas,cudart,cufft,cufile,cupti,curand,cusolver,cusparse,nvjitlink,nvrtc,nvtx]==12.8.1; platform_system == "Linux"->torch==2.11.0)
[36m(_stage pid=1047, ip=10.4.4.82)[0m   Downloading https://pypi.nvidia.com/cuda-toolkit/cuda_toolkit-12.8.1-py2.py3-none-any.whl (2.3 kB)
[36m(_stage pid=1047, ip=10.4.4.82)[0m Collecting cuda-bindings<13,>=12.9.4 (from torch==2.11.0)
[36m(_stage pid=1047, ip=10.4.4.82)[0m   Downloading cuda_bindings-12.9.7-cp311-cp311-manylinux_2_24_x86_64.manylinux_2_28_x86_64.whl.metadata (2.6 kB)
[36m(_stage pid=1047, ip=10.4.4.82)[0m Collecting nvidia-cudnn-cu12==9.19.0.56 (from torch==2.11.0)
[36m(_stage pid=1047, ip=10.4.4.82)[0m   Downloading https://pypi.nvidia.com/nvidia-cudnn-cu12/nvidia_cudnn_cu12-9.19.0.56-py3-none-manylinux_2_27_x86_64.whl (657.9 MB)
[36m(_stage pid=1047, ip=10.4.4.82)[0m      ━━━━━━━━━━━━━━━━━━━━━━━━━━━━━━━━━━━━━ 657.9/657.9 MB 223.6 MB/s eta 0:00:00
[36m(_stage pid=1047, ip=10.4.4.82)[0m Collecting nvidia-cusparselt-cu12==0.7.1 (from torch==2.11.0)
[36m(_stage pid=1047, ip=10.4.4.82)[0m   Downloading https://pypi.nvidia.com/nvidia-cusparselt-cu12/nvidia_cusparselt_cu12-0.7.1-py3-none-manylinux2014_x86_64.whl (287.2 MB)
[36m(_stage pid=1047, ip=10.4.4.82)[0m      ━━━━━━━━━━━━━━━━━━━━━━━━━━━━━━━━━━━━━ 287.2/287.2 MB 228.0 MB/s eta 0:00:00
[36m(_stage pid=1047, ip=10.4.4.82)[0m Collecting nvidia-nccl-cu12==2.28.9 (from torch==2.11.0)
[36m(_stage pid=1047, ip=10.4.4.82)[0m   Downloading https://pypi.nvidia.com/nvidia-nccl-cu12/nvidia_nccl_cu12-2.28.9-py3-none-manylinux_2_18_x86_64.whl (296.8 MB)
[36m(_stage pid=1047, ip=10.4.4.82)[0m      ━━━━━━━━━━━━━━━━━━━━━━━━━━━━━━━━━━━━━ 296.8/296.8 MB 224.4 MB/s eta 0:00:00
[36m(_stage pid=1047, ip=10.4.4.82)[0m Collecting nvidia-nvshmem-cu12==3.4.5 (from torch==2.11.0)
[36m(_stage pid=1047, ip=10.4.4.82)[0m   Downloading https://pypi.nvidia.com/nvidia-nvshmem-cu12/nvidia_nvshmem_cu12-3.4.5-py3-none-manylinux2014_x86_64.manylinux_2_17_x86_64.whl (139.1 MB)
[36m(_stage pid=1047, ip=10.4.4.82)[0m      ━━━━━━━━━━━━━━━━━━━━━━━━━━━━━━━━━━━━━ 139.1/139.1 MB 227.7 MB/s eta 0:00:00
[36m(_stage pid=1047, ip=10.4.4.82)[0m Collecting triton==3.6.0 (from torch==2.11.0)
[36m(_stage pid=1047, ip=10.4.4.82)[0m   Downloading https://download-r2.pytorch.org/whl/triton-3.6.0-cp311-cp311-manylinux_2_27_x86_64.manylinux_2_28_x86_64.whl.metadata (1.7 kB)
[36m(_stage pid=1047, ip=10.4.4.82)[0m Collecting nvidia-cublas-cu12==12.8.4.1.* (from cuda-toolkit[cublas,cudart,cufft,cufile,cupti,curand,cusolver,cusparse,nvjitlink,nvrtc,nvtx]==12.8.1; platform_system == "Linux"->torch==2.11.0)
[36m(_stage pid=1047, ip=10.4.4.82)[0m   Downloading https://pypi.nvidia.com/nvidia-cublas-cu12/nvidia_cublas_cu12-12.8.4.1-py3-none-manylinux_2_27_x86_64.whl (594.3 MB)
[36m(_stage pid=1047, ip=10.4.4.82)[0m      ━━━━━━━━━━━━━━━━━━━━━━━━━━━━━━━━━━━━━ 594.3/594.3 MB 226.9 MB/s eta 0:00:00
[36m(_stage pid=1047, ip=10.4.4.82)[0m Collecting nvidia-cuda-runtime-cu12==12.8.90.* (from cuda-toolkit[cublas,cudart,cufft,cufile,cupti,curand,cusolver,cusparse,nvjitlink,nvrtc,nvtx]==12.8.1; platform_system == "Linux"->torch==2.11.0)
[36m(_stage pid=1047, ip=10.4.4.82)[0m   Downloading https://pypi.nvidia.com/nvidia-cuda-runtime-cu12/nvidia_cuda_runtime_cu12-12.8.90-py3-none-manylinux2014_x86_64.manylinux_2_17_x86_64.whl (954 kB)
[36m(_stage pid=1047, ip=10.4.4.82)[0m      ━━━━━━━━━━━━━━━━━━━━━━━━━━━━━━━━━━━━━ 954.8/954.8 kB 249.4 MB/s eta 0:00:00
[36m(_stage pid=1047, ip=10.4.4.82)[0m Collecting nvidia-cufft-cu12==11.3.3.83.* (from cuda-toolkit[cublas,cudart,cufft,cufile,cupti,curand,cusolver,cusparse,nvjitlink,nvrtc,nvtx]==12.8.1; platform_system == "Linux"->torch==2.11.0)
[36m(_stage pid=1047, ip=10.4.4.82)[0m   Downloading https://pypi.nvidia.com/nvidia-cufft-cu12/nvidia_cufft_cu12-11.3.3.83-py3-none-manylinux2014_x86_64.manylinux_2_17_x86_64.whl (193.1 MB)
[36m(_stage pid=1047, ip=10.4.4.82)[0m      ━━━━━━━━━━━━━━━━━━━━━━━━━━━━━━━━━━━━━ 193.1/193.1 MB 183.0 MB/s eta 0:00:00
[36m(_stage pid=1047, ip=10.4.4.82)[0m Collecting nvidia-cufile-cu12==1.13.1.3.* (from cuda-toolkit[cublas,cudart,cufft,cufile,cupti,curand,cusolver,cusparse,nvjitlink,nvrtc,nvtx]==12.8.1; platform_system == "Linux"->torch==2.11.0)
[36m(_stage pid=1047, ip=10.4.4.82)[0m   Downloading https://pypi.nvidia.com/nvidia-cufile-cu12/nvidia_cufile_cu12-1.13.1.3-py3-none-manylinux2014_x86_64.manylinux_2_17_x86_64.whl (1.2 MB)
[36m(_stage pid=1047, ip=10.4.4.82)[0m      ━━━━━━━━━━━━━━━━━━━━━━━━━━━━━━━━━━━━━━━━ 1.2/1.2 MB 245.2 MB/s eta 0:00:00
[36m(_stage pid=1047, ip=10.4.4.82)[0m Collecting nvidia-cuda-cupti-cu12==12.8.90.* (from cuda-toolkit[cublas,cudart,cufft,cufile,cupti,curand,cusolver,cusparse,nvjitlink,nvrtc,nvtx]==12.8.1; platform_system == "Linux"->torch==2.11.0)
[36m(_stage pid=1047, ip=10.4.4.82)[0m   Downloading https://pypi.nvidia.com/nvidia-cuda-cupti-cu12/nvidia_cuda_cupti_cu12-12.8.90-py3-none-manylinux2014_x86_64.manylinux_2_17_x86_64.whl (10.2 MB)
[36m(_stage pid=1047, ip=10.4.4.82)[0m      ━━━━━━━━━━━━━━━━━━━━━━━━━━━━━━━━━━━━━━━ 10.2/10.2 MB 212.5 MB/s eta 0:00:00
[36m(_stage pid=1047, ip=10.4.4.82)[0m Collecting nvidia-curand-cu12==10.3.9.90.* (from cuda-toolkit[cublas,cudart,cufft,cufile,cupti,curand,cusolver,cusparse,nvjitlink,nvrtc,nvtx]==12.8.1; platform_system == "Linux"->torch==2.11.0)
[36m(_stage pid=1047, ip=10.4.4.82)[0m   Downloading https://pypi.nvidia.com/nvidia-curand-cu12/nvidia_curand_cu12-10.3.9.90-py3-none-manylinux_2_27_x86_64.whl (63.6 MB)
[36m(_stage pid=1047, ip=10.4.4.82)[0m      ━━━━━━━━━━━━━━━━━━━━━━━━━━━━━━━━━━━━━━━ 63.6/63.6 MB 228.4 MB/s eta 0:00:00
[36m(_stage pid=1047, ip=10.4.4.82)[0m Collecting nvidia-cusolver-cu12==11.7.3.90.* (from cuda-toolkit[cublas,cudart,cufft,cufile,cupti,curand,cusolver,cusparse,nvjitlink,nvrtc,nvtx]==12.8.1; platform_system == "Linux"->torch==2.11.0)
[36m(_stage pid=1047, ip=10.4.4.82)[0m   Downloading https://pypi.nvidia.com/nvidia-cusolver-cu12/nvidia_cusolver_cu12-11.7.3.90-py3-none-manylinux_2_27_x86_64.whl (267.5 MB)
[36m(_stage pid=1047, ip=10.4.4.82)[0m      ━━━━━━━━━━━━━━━━━━━━━━━━━━━━━━━━━━━━━ 267.5/267.5 MB 229.3 MB/s eta 0:00:00
[36m(_stage pid=1047, ip=10.4.4.82)[0m Collecting nvidia-cusparse-cu12==12.5.8.93.* (from cuda-toolkit[cublas,cudart,cufft,cufile,cupti,curand,cusolver,cusparse,nvjitlink,nvrtc,nvtx]==12.8.1; platform_system == "Linux"->torch==2.11.0)
[36m(_stage pid=1047, ip=10.4.4.82)[0m   Downloading https://pypi.nvidia.com/nvidia-cusparse-cu12/nvidia_cusparse_cu12-12.5.8.93-py3-none-manylinux2014_x86_64.manylinux_2_17_x86_64.whl (288.2 MB)
[36m(_stage pid=1047, ip=10.4.4.82)[0m      ━━━━━━━━━━━━━━━━━━━━━━━━━━━━━━━━━━━━━ 288.2/288.2 MB 228.1 MB/s eta 0:00:00
[36m(_stage pid=1047, ip=10.4.4.82)[0m Collecting nvidia-nvjitlink-cu12==12.8.93.* (from cuda-toolkit[cublas,cudart,cufft,cufile,cupti,curand,cusolver,cusparse,nvjitlink,nvrtc,nvtx]==12.8.1; platform_system == "Linux"->torch==2.11.0)
[36m(_stage pid=1047, ip=10.4.4.82)[0m   Downloading https://pypi.nvidia.com/nvidia-nvjitlink-cu12/nvidia_nvjitlink_cu12-12.8.93-py3-none-manylinux2010_x86_64.manylinux_2_12_x86_64.whl (39.3 MB)
[36m(_stage pid=1047, ip=10.4.4.82)[0m      ━━━━━━━━━━━━━━━━━━━━━━━━━━━━━━━━━━━━━━━ 39.3/39.3 MB 199.7 MB/s eta 0:00:00
[36m(_stage pid=1047, ip=10.4.4.82)[0m Collecting nvidia-cuda-nvrtc-cu12==12.8.93.* (from cuda-toolkit[cublas,cudart,cufft,cufile,cupti,curand,cusolver,cusparse,nvjitlink,nvrtc,nvtx]==12.8.1; platform_system == "Linux"->torch==2.11.0)
[36m(_stage pid=1047, ip=10.4.4.82)[0m   Downloading https://pypi.nvidia.com/nvidia-cuda-nvrtc-cu12/nvidia_cuda_nvrtc_cu12-12.8.93-py3-none-manylinux2010_x86_64.manylinux_2_12_x86_64.whl (88.0 MB)
[36m(_stage pid=1047, ip=10.4.4.82)[0m      ━━━━━━━━━━━━━━━━━━━━━━━━━━━━━━━━━━━━━━━ 88.0/88.0 MB 213.8 MB/s eta 0:00:00
[36m(_stage pid=1047, ip=10.4.4.82)[0m Collecting nvidia-nvtx-cu12==12.8.90.* (from cuda-toolkit[cublas,cudart,cufft,cufile,cupti,curand,cusolver,cusparse,nvjitlink,nvrtc,nvtx]==12.8.1; platform_system == "Linux"->torch==2.11.0)
[36m(_stage pid=1047, ip=10.4.4.82)[0m   Downloading https://pypi.nvidia.com/nvidia-nvtx-cu12/nvidia_nvtx_cu12-12.8.90-py3-none-manylinux2014_x86_64.manylinux_2_17_x86_64.whl (89 kB)
[36m(_stage pid=1047, ip=10.4.4.82)[0m Requirement already satisfied: numpy in ./anaconda3/lib/python3.11/site-packages (from torchvision) (1.26.4)
[36m(_stage pid=1047, ip=10.4.4.82)[0m Collecting pillow!=8.3.*,>=5.3.0 (from torchvision)
[36m(_stage pid=1047, ip=10.4.4.82)[0m   Downloading pillow-12.3.0-cp311-cp311-manylinux_2_27_x86_64.manylinux_2_28_x86_64.whl.metadata (9.1 kB)
[36m(_stage pid=1047, ip=10.4.4.82)[0m Collecting cuda-pathfinder~=1.1 (from cuda-bindings<13,>=12.9.4->torch==2.11.0)
[36m(_stage pid=1047, ip=10.4.4.82)[0m   Downloading cuda_pathfinder-1.6.0-py3-none-any.whl.metadata (1.9 kB)
[36m(_stage pid=1047, ip=10.4.4.82)[0m Collecting mpmath<1.4,>=1.1.0 (from sympy>=1.13.3->torch==2.11.0)
[36m(_stage pid=1047, ip=10.4.4.82)[0m   Downloading mpmath-1.3.0-py3-none-any.whl.metadata (8.6 kB)
[36m(_stage pid=1047, ip=10.4.4.82)[0m Requirement already satisfied: MarkupSafe>=2.0 in ./anaconda3/lib/python3.11/site-packages (from jinja2->torch==2.11.0) (2.1.3)
[36m(_stage pid=1047, ip=10.4.4.82)[0m Downloading https://download-r2.pytorch.org/whl/cu128/torch-2.11.0%2Bcu128-cp311-cp311-manylinux_2_28_x86_64.whl (820.2 MB)
[36m(_stage pid=1047, ip=10.4.4.82)[0m    ━━━━━━━━━━━━━━━━━━━━━━━━━━━━━━━━━━━━━━━ 820.2/820.2 MB 274.6 MB/s eta 0:00:00
[36m(_stage pid=1047, ip=10.4.4.82)[0m Downloading https://download-r2.pytorch.org/whl/triton-3.6.0-cp311-cp311-manylinux_2_27_x86_64.manylinux_2_28_x86_64.whl (188.2 MB)
[36m(_stage pid=1047, ip=10.4.4.82)[0m    ━━━━━━━━━━━━━━━━━━━━━━━━━━━━━━━━━━━━━━━ 188.2/188.2 MB 269.8 MB/s eta 0:00:00
[36m(_stage pid=1047, ip=10.4.4.82)[0m Downloading https://download-r2.pytorch.org/whl/cu128/torchvision-0.26.0%2Bcu128-cp311-cp311-manylinux_2_28_x86_64.whl (8.1 MB)
[36m(_stage pid=1047, ip=10.4.4.82)[0m    ━━━━━━━━━━━━━━━━━━━━━━━━━━━━━━━━━━━━━━━━ 8.1/8.1 MB 280.0 MB/s eta 0:00:00
[36m(_stage pid=1047, ip=10.4.4.82)[0m Downloading cuda_bindings-12.9.7-cp311-cp311-manylinux_2_24_x86_64.manylinux_2_28_x86_64.whl (7.6 MB)
[36m(_stage pid=1047, ip=10.4.4.82)[0m    ━━━━━━━━━━━━━━━━━━━━━━━━━━━━━━━━━━━━━━━━ 7.6/7.6 MB 83.1 MB/s eta 0:00:00
[36m(_stage pid=1047, ip=10.4.4.82)[0m Downloading networkx-3.6.1-py3-none-any.whl (2.1 MB)
[36m(_stage pid=1047, ip=10.4.4.82)[0m    ━━━━━━━━━━━━━━━━━━━━━━━━━━━━━━━━━━━━━━━━ 2.1/2.1 MB 46.4 MB/s eta 0:00:00
[36m(_stage pid=1047, ip=10.4.4.82)[0m Downloading pillow-12.3.0-cp311-cp311-manylinux_2_27_x86_64.manylinux_2_28_x86_64.whl (6.9 MB)
[36m(_stage pid=1047, ip=10.4.4.82)[0m    ━━━━━━━━━━━━━━━━━━━━━━━━━━━━━━━━━━━━━━━━ 6.9/6.9 MB 183.6 MB/s eta 0:00:00
[36m(_stage pid=1047, ip=10.4.4.82)[0m Downloading sympy-1.14.0-py3-none-any.whl (6.3 MB)
[36m(_stage pid=1047, ip=10.4.4.82)[0m    ━━━━━━━━━━━━━━━━━━━━━━━━━━━━━━━━━━━━━━━━ 6.3/6.3 MB 234.7 MB/s eta 0:00:00
[36m(_stage pid=1047, ip=10.4.4.82)[0m Downloading cuda_pathfinder-1.6.0-py3-none-any.whl (54 kB)
[36m(_stage pid=1047, ip=10.4.4.82)[0m Downloading mpmath-1.3.0-py3-none-any.whl (536 kB)
[36m(_stage pid=1047, ip=10.4.4.82)[0m    ━━━━━━━━━━━━━━━━━━━━━━━━━━━━━━━━━━━━━━━ 536.2/536.2 kB 368.8 MB/s eta 0:00:00
[36m(_stage pid=1047, ip=10.4.4.82)[0m Installing collected packages: nvidia-cusparselt-cu12, mpmath, cuda-toolkit, triton, sympy, pillow, nvidia-nvtx-cu12, nvidia-nvshmem-cu12, nvidia-nvjitlink-cu12, nvidia-nccl-cu12, nvidia-curand-cu12, nvidia-cufile-cu12, nvidia-cuda-runtime-cu12, nvidia-cuda-nvrtc-cu12, nvidia-cuda-cupti-cu12, nvidia-cublas-cu12, networkx, cuda-pathfinder, nvidia-cusparse-cu12, nvidia-cufft-cu12, nvidia-cudnn-cu12, cuda-bindings, nvidia-cusolver-cu12, torch, torchvision
[36m(_stage pid=1047, ip=10.4.4.82)[0m Successfully installed cuda-bindings-12.9.7 cuda-pathfinder-1.6.0 cuda-toolkit-12.8.1 mpmath-1.3.0 networkx-3.6.1 nvidia-cublas-cu12-12.8.4.1 nvidia-cuda-cupti-cu12-12.8.90 nvidia-cuda-nvrtc-cu12-12.8.93 nvidia-cuda-runtime-cu12-12.8.90 nvidia-cudnn-cu12-9.19.0.56 nvidia-cufft-cu12-11.3.3.83 nvidia-cufile-cu12-1.13.1.3 nvidia-curand-cu12-10.3.9.90 nvidia-cusolver-cu12-11.7.3.90 nvidia-cusparse-cu12-12.5.8.93 nvidia-cusparselt-cu12-0.7.1 nvidia-nccl-cu12-2.28.9 nvidia-nvjitlink-cu12-12.8.93 nvidia-nvshmem-cu12-3.4.5 nvidia-nvtx-cu12-12.8.90 pillow-12.3.0 sympy-1.14.0 torch-2.11.0+cu128 torchvision-0.26.0+cu128 triton-3.6.0
[36m(_stage pid=1047, ip=10.4.4.82)[0m Collecting lerobot==0.4.3
[36m(_stage pid=1047, ip=10.4.4.82)[0m   Downloading lerobot-0.4.3-py3-none-any.whl.metadata (17 kB)
[36m(_stage pid=1047, ip=10.4.4.82)[0m Downloading lerobot-0.4.3-py3-none-any.whl (993 kB)
[36m(_stage pid=1047, ip=10.4.4.82)[0m    ━━━━━━━━━━━━━━━━━━━━━━━━━━━━━━━━━━━━━━━━ 993.6/993.6 kB 27.5 MB/s eta 0:00:00
[36m(_stage pid=1047, ip=10.4.4.82)[0m Installing collected packages: lerobot
[36m(_stage pid=1047, ip=10.4.4.82)[0m Successfully installed lerobot-0.4.3
[36m(_stage pid=1047, ip=10.4.4.82)[0m Requirement already satisfied: numpy<2,>=1.26 in ./anaconda3/lib/python3.11/site-packages (1.26.4)
[36m(_stage pid=1047, ip=10.4.4.82)[0m Requirement already satisfied: Pillow>=10.0 in ./anaconda3/lib/python3.11/site-packages (12.3.0)
[36m(_stage pid=1047, ip=10.4.4.82)[0m Collecting accelerate<2.0,>=1.10
[36m(_stage pid=1047, ip=10.4.4.82)[0m   Downloading accelerate-1.15.0-py3-none-any.whl.metadata (19 kB)
[36m(_stage pid=1047, ip=10.4.4.82)[0m Collecting einops<0.9,>=0.8
[36m(_stage pid=1047, ip=10.4.4.82)[0m   Downloading einops-0.8.2-py3-none-any.whl.metadata (13 kB)
[36m(_stage pid=1047, ip=10.4.4.82)[0m Collecting opencv-python-headless<4.10,>=4.9
[36m(_stage pid=1047, ip=10.4.4.82)[0m   Downloading opencv_python_headless-4.9.0.80-cp37-abi3-manylinux_2_17_x86_64.manylinux2014_x86_64.whl.metadata (20 kB)
[36m(_stage pid=1047, ip=10.4.4.82)[0m Collecting termcolor<4,>=2.4
[36m(_stage pid=1047, ip=10.4.4.82)[0m   Downloading termcolor-3.3.0-py3-none-any.whl.metadata (6.5 kB)
[36m(_stage pid=1047, ip=10.4.4.82)[0m Collecting datasets<4.2,>=4.0
[36m(_stage pid=1047, ip=10.4.4.82)[0m   Downloading datasets-4.1.1-py3-none-any.whl.metadata (18 kB)
[36m(_stage pid=1047, ip=10.4.4.82)[0m Collecting diffusers<0.36,>=0.27.2
[36m(_stage pid=1047, ip=10.4.4.82)[0m   Downloading diffusers-0.35.2-py3-none-any.whl.metadata (20 kB)
[36m(_stage pid=1047, ip=10.4.4.82)[0m Collecting draccus==0.10.0
[36m(_stage pid=1047, ip=10.4.4.82)[0m   Downloading draccus-0.10.0-py3-none-any.whl.metadata (24 kB)
[36m(_stage pid=1047, ip=10.4.4.82)[0m Collecting imageio==2.37.0 (from imageio[ffmpeg]==2.37.0)
[36m(_stage pid=1047, ip=10.4.4.82)[0m   Downloading imageio-2.37.0-py3-none-any.whl.metadata (5.2 kB)
[36m(_stage pid=1047, ip=10.4.4.82)[0m Collecting av==15.1.0
[36m(_stage pid=1047, ip=10.4.4.82)[0m   Downloading av-15.1.0-cp311-cp311-manylinux_2_28_x86_64.whl.metadata (4.6 kB)
[36m(_stage pid=1047, ip=10.4.4.82)[0m Collecting num2words<0.6,>=0.5
[36m(_stage pid=1047, ip=10.4.4.82)[0m   Downloading num2words-0.5.14-py3-none-any.whl.metadata (13 kB)
[36m(_stage pid=1047, ip=10.4.4.82)[0m Collecting sentencepiece==0.2.2
[36m(_stage pid=1047, ip=10.4.4.82)[0m   Downloading sentencepiece-0.2.2-cp311-cp311-manylinux_2_27_x86_64.manylinux_2_28_x86_64.whl.metadata (33 kB)
[36m(_stage pid=1047, ip=10.4.4.82)[0m Collecting s3fs>=2024.1
[36m(_stage pid=1047, ip=10.4.4.82)[0m   Downloading s3fs-2026.7.0-py3-none-any.whl.metadata (1.2 kB)
[36m(_stage pid=1047, ip=10.4.4.82)[0m Collecting fsspec>=2024.1 (from fsspec[s3]>=2024.1)
[36m(_stage pid=1047, ip=10.4.4.82)[0m   Downloading fsspec-2026.7.0-py3-none-any.whl.metadata (10 kB)
[36m(_stage pid=1047, ip=10.4.4.82)[0m Collecting pyserial<4,>=3.5
[36m(_stage pid=1047, ip=10.4.4.82)[0m   Downloading pyserial-3.5-py2.py3-none-any.whl.metadata (1.6 kB)
[36m(_stage pid=1047, ip=10.4.4.82)[0m Collecting deepdiff<9,>=7
[36m(_stage pid=1047, ip=10.4.4.82)[0m   Downloading deepdiff-8.6.2-py3-none-any.whl.metadata (8.8 kB)
[36m(_stage pid=1047, ip=10.4.4.82)[0m Collecting jsonlines<5,>=4
[36m(_stage pid=1047, ip=10.4.4.82)[0m   Downloading jsonlines-4.0.0-py3-none-any.whl.metadata (1.6 kB)
[36m(_stage pid=1047, ip=10.4.4.82)[0m Collecting wandb<0.25,>=0.24
[36m(_stage pid=1047, ip=10.4.4.82)[0m   Downloading wandb-0.24.2-py3-none-manylinux_2_28_x86_64.whl.metadata (12 kB)
[36m(_stage pid=1047, ip=10.4.4.82)[0m Collecting mergedeep~=1.3 (from draccus==0.10.0)
[36m(_stage pid=1047, ip=10.4.4.82)[0m   Downloading mergedeep-1.3.4-py3-none-any.whl.metadata (4.3 kB)
[36m(_stage pid=1047, ip=10.4.4.82)[0m Requirement already satisfied: pyyaml~=6.0 in ./anaconda3/lib/python3.11/site-packages (from draccus==0.10.0) (6.0.3)
[36m(_stage pid=1047, ip=10.4.4.82)[0m Collecting pyyaml-include~=1.4 (from draccus==0.10.0)
[36m(_stage pid=1047, ip=10.4.4.82)[0m   Downloading pyyaml_include-1.4.1-py3-none-any.whl.metadata (1.3 kB)
[36m(_stage pid=1047, ip=10.4.4.82)[0m Collecting toml~=0.10 (from draccus==0.10.0)
[36m(_stage pid=1047, ip=10.4.4.82)[0m   Downloading toml-0.10.2-py2.py3-none-any.whl.metadata (7.1 kB)
[36m(_stage pid=1047, ip=10.4.4.82)[0m Collecting typing-inspect~=0.9.0 (from draccus==0.10.0)
[36m(_stage pid=1047, ip=10.4.4.82)[0m   Downloading typing_inspect-0.9.0-py3-none-any.whl.metadata (1.5 kB)
[36m(_stage pid=1047, ip=10.4.4.82)[0m Collecting imageio-ffmpeg (from imageio[ffmpeg]==2.37.0)
[36m(_stage pid=1047, ip=10.4.4.82)[0m   Downloading imageio_ffmpeg-0.6.0-py3-none-manylinux2014_x86_64.whl.metadata (1.5 kB)
[36m(_stage pid=1047, ip=10.4.4.82)[0m Requirement already satisfied: psutil in ./anaconda3/lib/python3.11/site-packages (from imageio[ffmpeg]==2.37.0) (5.9.6)
[36m(_stage pid=1047, ip=10.4.4.82)[0m Requirement already satisfied: packaging>=20.0 in ./anaconda3/lib/python3.11/site-packages (from accelerate<2.0,>=1.10) (24.2)
[36m(_stage pid=1047, ip=10.4.4.82)[0m Requirement already satisfied: torch>=2.0.0 in ./anaconda3/lib/python3.11/site-packages (from accelerate<2.0,>=1.10) (2.11.0+cu128)
[36m(_stage pid=1047, ip=10.4.4.82)[0m Collecting huggingface_hub>=0.21.0 (from accelerate<2.0,>=1.10)
[36m(_stage pid=1047, ip=10.4.4.82)[0m   Downloading huggingface_hub-1.31.0-py3-none-any.whl.metadata (16 kB)
[36m(_stage pid=1047, ip=10.4.4.82)[0m Collecting safetensors>=0.4.3 (from accelerate<2.0,>=1.10)
[36m(_stage pid=1047, ip=10.4.4.82)[0m   Downloading safetensors-0.8.0-cp310-abi3-manylinux_2_17_x86_64.manylinux2014_x86_64.whl.metadata (4.2 kB)
[36m(_stage pid=1047, ip=10.4.4.82)[0m Requirement already satisfied: filelock in ./anaconda3/lib/python3.11/site-packages (from datasets<4.2,>=4.0) (3.17.0)
[36m(_stage pid=1047, ip=10.4.4.82)[0m Collecting pyarrow>=21.0.0 (from datasets<4.2,>=4.0)
[36m(_stage pid=1047, ip=10.4.4.82)[0m   Downloading pyarrow-25.0.1-cp311-cp311-manylinux_2_28_x86_64.whl.metadata (3.0 kB)
[36m(_stage pid=1047, ip=10.4.4.82)[0m Collecting dill<0.4.1,>=0.3.0 (from datasets<4.2,>=4.0)
[36m(_stage pid=1047, ip=10.4.4.82)[0m   Downloading dill-0.4.0-py3-none-any.whl.metadata (10 kB)
[36m(_stage pid=1047, ip=10.4.4.82)[0m Requirement already satisfied: pandas in ./anaconda3/lib/python3.11/site-packages (from datasets<4.2,>=4.0) (1.5.3)
[36m(_stage pid=1047, ip=10.4.4.82)[0m Requirement already satisfied: requests>=2.32.2 in ./anaconda3/lib/python3.11/site-packages (from datasets<4.2,>=4.0) (2.32.5)
[36m(_stage pid=1047, ip=10.4.4.82)[0m Requirement already satisfied: tqdm>=4.66.3 in ./anaconda3/lib/python3.11/site-packages (from datasets<4.2,>=4.0) (4.67.1)
[36m(_stage pid=1047, ip=10.4.4.82)[0m Collecting xxhash (from datasets<4.2,>=4.0)
[36m(_stage pid=1047, ip=10.4.4.82)[0m   Downloading xxhash-4.0.1-cp311-cp311-manylinux2014_x86_64.manylinux_2_17_x86_64.manylinux_2_28_x86_64.whl.metadata (17 kB)
[36m(_stage pid=1047, ip=10.4.4.82)[0m Collecting multiprocess<0.70.17 (from datasets<4.2,>=4.0)
[36m(_stage pid=1047, ip=10.4.4.82)[0m   Downloading multiprocess-0.70.16-py311-none-any.whl.metadata (7.2 kB)
[36m(_stage pid=1047, ip=10.4.4.82)[0m Collecting fsspec>=2024.1 (from fsspec[s3]>=2024.1)
[36m(_stage pid=1047, ip=10.4.4.82)[0m   Downloading fsspec-2025.9.0-py3-none-any.whl.metadata (10 kB)
[36m(_stage pid=1047, ip=10.4.4.82)[0m Requirement already satisfied: importlib_metadata in ./anaconda3/lib/python3.11/site-packages (from diffusers<0.36,>=0.27.2) (6.11.0)
[36m(_stage pid=1047, ip=10.4.4.82)[0m Collecting regex!=2019.12.17 (from diffusers<0.36,>=0.27.2)
[36m(_stage pid=1047, ip=10.4.4.82)[0m   Downloading regex-2026.9.10-cp311-cp311-manylinux2014_x86_64.manylinux_2_17_x86_64.manylinux_2_28_x86_64.whl.metadata (40 kB)
[36m(_stage pid=1047, ip=10.4.4.82)[0m Collecting docopt>=0.6.2 (from num2words<0.6,>=0.5)
[36m(_stage pid=1047, ip=10.4.4.82)[0m   Downloading docopt-0.6.2.tar.gz (25 kB)
[36m(_stage pid=1047, ip=10.4.4.82)[0m   Preparing metadata (setup.py): started
[36m(_stage pid=1047, ip=10.4.4.82)[0m   Preparing metadata (setup.py): finished with status 'done'
[36m(_stage pid=1047, ip=10.4.4.82)[0m Collecting aiobotocore<4.0.0,>=2.19.0 (from s3fs>=2024.1)
[36m(_stage pid=1047, ip=10.4.4.82)[0m   Downloading aiobotocore-3.9.1-py3-none-any.whl.metadata (31 kB)
[36m(_stage pid=1047, ip=10.4.4.82)[0m INFO: pip is looking at multiple versions of s3fs to determine which version is compatible with other requirements. This could take a while.
[36m(_stage pid=1047, ip=10.4.4.82)[0m Collecting s3fs>=2024.1
[36m(_stage pid=1047, ip=10.4.4.82)[0m   Downloading s3fs-2026.6.0-py3-none-any.whl.metadata (1.2 kB)
[36m(_stage pid=1047, ip=10.4.4.82)[0m   Downloading s3fs-2026.4.0-py3-none-any.whl.metadata (1.2 kB)
[36m(_stage pid=1047, ip=10.4.4.82)[0m   Downloading s3fs-2026.3.0-py3-none-any.whl.metadata (1.2 kB)
[36m(_stage pid=1047, ip=10.4.4.82)[0m   Downloading s3fs-2026.2.0-py3-none-any.whl.metadata (1.2 kB)
[36m(_stage pid=1047, ip=10.4.4.82)[0m   Downloading s3fs-2026.1.0-py3-none-any.whl.metadata (1.2 kB)
[36m(_stage pid=1047, ip=10.4.4.82)[0m   Downloading s3fs-2025.12.0-py3-none-any.whl.metadata (1.2 kB)
[36m(_stage pid=1047, ip=10.4.4.82)[0m Collecting aiobotocore<3.0.0,>=2.5.4 (from s3fs>=2024.1)
[36m(_stage pid=1047, ip=10.4.4.82)[0m   Downloading aiobotocore-2.26.0-py3-none-any.whl.metadata (25 kB)
[36m(_stage pid=1047, ip=10.4.4.82)[0m Collecting s3fs>=2024.1
[36m(_stage pid=1047, ip=10.4.4.82)[0m   Downloading s3fs-2025.10.0-py3-none-any.whl.metadata (1.4 kB)
[36m(_stage pid=1047, ip=10.4.4.82)[0m INFO: pip is still looking at multiple versions of s3fs to determine which version is compatible with other requirements. This could take a while.
[36m(_stage pid=1047, ip=10.4.4.82)[0m   Downloading s3fs-2025.9.0-py3-none-any.whl.metadata (1.4 kB)
[36m(_stage pid=1047, ip=10.4.4.82)[0m Requirement already satisfied: aiohttp!=4.0.0a0,!=4.0.0a1 in ./anaconda3/lib/python3.11/site-packages (from s3fs>=2024.1) (3.13.3)
[36m(_stage pid=1047, ip=10.4.4.82)[0m Collecting orderly-set<6,>=5.4.1 (from deepdiff<9,>=7)
[36m(_stage pid=1047, ip=10.4.4.82)[0m   Downloading orderly_set-5.5.0-py3-none-any.whl.metadata (6.6 kB)
[36m(_stage pid=1047, ip=10.4.4.82)[0m Requirement already satisfied: attrs>=19.2.0 in ./anaconda3/lib/python3.11/site-packages (from jsonlines<5,>=4) (25.1.0)
[36m(_stage pid=1047, ip=10.4.4.82)[0m Requirement already satisfied: click>=8.0.1 in ./anaconda3/lib/python3.11/site-packages (from wandb<0.25,>=0.24) (8.1.7)
[36m(_stage pid=1047, ip=10.4.4.82)[0m Collecting gitpython!=3.1.29,>=1.0.0 (from wandb<0.25,>=0.24)
[36m(_stage pid=1047, ip=10.4.4.82)[0m   Downloading gitpython-3.1.62-py3-none-any.whl.metadata (13 kB)
[36m(_stage pid=1047, ip=10.4.4.82)[0m Requirement already satisfied: platformdirs in ./anaconda3/lib/python3.11/site-packages (from wandb<0.25,>=0.24) (3.11.0)
[36m(_stage pid=1047, ip=10.4.4.82)[0m Requirement already satisfied: protobuf!=4.21.0,!=5.28.0,<7,>=3.19.0 in ./anaconda3/lib/python3.11/site-packages (from wandb<0.25,>=0.24) (4.25.8)
[36m(_stage pid=1047, ip=10.4.4.82)[0m Requirement already satisfied: pydantic<3 in ./anaconda3/lib/python3.11/site-packages (from wandb<0.25,>=0.24) (2.12.4)
[36m(_stage pid=1047, ip=10.4.4.82)[0m Collecting sentry-sdk>=2.0.0 (from wandb<0.25,>=0.24)
[36m(_stage pid=1047, ip=10.4.4.82)[0m   Downloading sentry_sdk-2.69.1-py3-none-any.whl.metadata (11 kB)
[36m(_stage pid=1047, ip=10.4.4.82)[0m Requirement already satisfied: typing-extensions<5,>=4.8 in ./anaconda3/lib/python3.11/site-packages (from wandb<0.25,>=0.24) (4.15.0)
[36m(_stage pid=1047, ip=10.4.4.82)[0m INFO: pip is looking at multiple versions of fsspec[s3] to determine which version is compatible with other requirements. This could take a while.
[36m(_stage pid=1047, ip=10.4.4.82)[0m Collecting fsspec[s3]>=2024.1
[36m(_stage pid=1047, ip=10.4.4.82)[0m   Downloading fsspec-2026.6.0-py3-none-any.whl.metadata (10 kB)
[36m(_stage pid=1047, ip=10.4.4.82)[0m   Downloading fsspec-2026.4.0-py3-none-any.whl.metadata (10 kB)
[36m(_stage pid=1047, ip=10.4.4.82)[0m   Downloading fsspec-2026.3.0-py3-none-any.whl.metadata (10 kB)
[36m(_stage pid=1047, ip=10.4.4.82)[0m   Downloading fsspec-2026.2.0-py3-none-any.whl.metadata (10 kB)
[36m(_stage pid=1047, ip=10.4.4.82)[0m   Downloading fsspec-2026.1.0-py3-none-any.whl.metadata (10 kB)
[36m(_stage pid=1047, ip=10.4.4.82)[0m   Downloading fsspec-2025.12.0-py3-none-any.whl.metadata (10 kB)
[36m(_stage pid=1047, ip=10.4.4.82)[0m   Downloading fsspec-2025.10.0-py3-none-any.whl.metadata (10 kB)
[36m(_stage pid=1047, ip=10.4.4.82)[0m INFO: pip is still looking at multiple versions of fsspec[s3] to determine which version is compatible with other requirements. This could take a while.
[36m(_stage pid=1047, ip=10.4.4.82)[0m Collecting aioitertools<1.0.0,>=0.5.1 (from aiobotocore<3.0.0,>=2.5.4->s3fs>=2024.1)
[36m(_stage pid=1047, ip=10.4.4.82)[0m   Downloading aioitertools-0.13.0-py3-none-any.whl.metadata (3.3 kB)
[36m(_stage pid=1047, ip=10.4.4.82)[0m Collecting botocore<1.41.6,>=1.41.0 (from aiobotocore<3.0.0,>=2.5.4->s3fs>=2024.1)
[36m(_stage pid=1047, ip=10.4.4.82)[0m   Downloading botocore-1.41.5-py3-none-any.whl.metadata (5.9 kB)
[36m(_stage pid=1047, ip=10.4.4.82)[0m Requirement already satisfied: python-dateutil<3.0.0,>=2.1 in ./anaconda3/lib/python3.11/site-packages (from aiobotocore<3.0.0,>=2.5.4->s3fs>=2024.1) (2.8.2)
[36m(_stage pid=1047, ip=10.4.4.82)[0m Requirement already satisfied: jmespath<2.0.0,>=0.7.1 in ./anaconda3/lib/python3.11/site-packages (from aiobotocore<3.0.0,>=2.5.4->s3fs>=2024.1) (1.0.1)
[36m(_stage pid=1047, ip=10.4.4.82)[0m Requirement already satisfied: multidict<7.0.0,>=6.0.0 in ./anaconda3/lib/python3.11/site-packages (from aiobotocore<3.0.0,>=2.5.4->s3fs>=2024.1) (6.0.5)
[36m(_stage pid=1047, ip=10.4.4.82)[0m Collecting wrapt<2.0.0,>=1.10.10 (from aiobotocore<3.0.0,>=2.5.4->s3fs>=2024.1)
[36m(_stage pid=1047, ip=10.4.4.82)[0m   Downloading wrapt-1.17.3-cp311-cp311-manylinux1_x86_64.manylinux_2_28_x86_64.manylinux_2_5_x86_64.whl.metadata (6.4 kB)
[36m(_stage pid=1047, ip=10.4.4.82)[0m Requirement already satisfied: aiohappyeyeballs>=2.5.0 in ./anaconda3/lib/python3.11/site-packages (from aiohttp!=4.0.0a0,!=4.0.0a1->s3fs>=2024.1) (2.6.1)
[36m(_stage pid=1047, ip=10.4.4.82)[0m Requirement already satisfied: aiosignal>=1.4.0 in ./anaconda3/lib/python3.11/site-packages (from aiohttp!=4.0.0a0,!=4.0.0a1->s3fs>=2024.1) (1.4.0)
[36m(_stage pid=1047, ip=10.4.4.82)[0m Requirement already satisfied: frozenlist>=1.1.1 in ./anaconda3/lib/python3.11/site-packages (from aiohttp!=4.0.0a0,!=4.0.0a1->s3fs>=2024.1) (1.4.1)
[36m(_stage pid=1047, ip=10.4.4.82)[0m Requirement already satisfied: propcache>=0.2.0 in ./anaconda3/lib/python3.11/site-packages (from aiohttp!=4.0.0a0,!=4.0.0a1->s3fs>=2024.1) (0.3.0)
[36m(_stage pid=1047, ip=10.4.4.82)[0m Requirement already satisfied: yarl<2.0,>=1.17.0 in ./anaconda3/lib/python3.11/site-packages (from aiohttp!=4.0.0a0,!=4.0.0a1->s3fs>=2024.1) (1.18.3)
[36m(_stage pid=1047, ip=10.4.4.82)[0m Collecting gitdb<5,>=4.0.1 (from gitpython!=3.1.29,>=1.0.0->wandb<0.25,>=0.24)
[36m(_stage pid=1047, ip=10.4.4.82)[0m   Downloading gitdb-4.0.12-py3-none-any.whl.metadata (1.2 kB)
[36m(_stage pid=1047, ip=10.4.4.82)[0m Collecting click>=8.0.1 (from wandb<0.25,>=0.24)
[36m(_stage pid=1047, ip=10.4.4.82)[0m   Downloading click-8.5.0-py3-none-any.whl.metadata (2.6 kB)
[36m(_stage pid=1047, ip=10.4.4.82)[0m Collecting hf-xet<2.0.0,>=1.5.2 (from huggingface_hub>=0.21.0->accelerate<2.0,>=1.10)
[36m(_stage pid=1047, ip=10.4.4.82)[0m   Downloading hf_xet-1.6.0-cp38-abi3-manylinux2014_x86_64.manylinux_2_17_x86_64.whl.metadata (4.9 kB)
[36m(_stage pid=1047, ip=10.4.4.82)[0m Collecting httpx<1,>=0.23.0 (from huggingface_hub>=0.21.0->accelerate<2.0,>=1.10)
[36m(_stage pid=1047, ip=10.4.4.82)[0m   Downloading httpx-0.28.1-py3-none-any.whl.metadata (7.1 kB)
[36m(_stage pid=1047, ip=10.4.4.82)[0m Requirement already satisfied: annotated-types>=0.6.0 in ./anaconda3/lib/python3.11/site-packages (from pydantic<3->wandb<0.25,>=0.24) (0.6.0)
[36m(_stage pid=1047, ip=10.4.4.82)[0m Requirement already satisfied: pydantic-core==2.41.5 in ./anaconda3/lib/python3.11/site-packages (from pydantic<3->wandb<0.25,>=0.24) (2.41.5)
[36m(_stage pid=1047, ip=10.4.4.82)[0m Requirement already satisfied: typing-inspection>=0.4.2 in ./anaconda3/lib/python3.11/site-packages (from pydantic<3->wandb<0.25,>=0.24) (0.4.2)
[36m(_stage pid=1047, ip=10.4.4.82)[0m Requirement already satisfied: charset_normalizer<4,>=2 in ./anaconda3/lib/python3.11/site-packages (from requests>=2.32.2->datasets<4.2,>=4.0) (3.3.2)
[36m(_stage pid=1047, ip=10.4.4.82)[0m Requirement already satisfied: idna<4,>=2.5 in ./anaconda3/lib/python3.11/site-packages (from requests>=2.32.2->datasets<4.2,>=4.0) (3.7)
[36m(_stage pid=1047, ip=10.4.4.82)[0m Requirement already satisfied: urllib3<3,>=1.21.1 in ./anaconda3/lib/python3.11/site-packages (from requests>=2.32.2->datasets<4.2,>=4.0) (1.26.19)
[36m(_stage pid=1047, ip=10.4.4.82)[0m Requirement already satisfied: certifi>=2017.4.17 in ./anaconda3/lib/python3.11/site-packages (from requests>=2.32.2->datasets<4.2,>=4.0) (2025.1.31)
[36m(_stage pid=1047, ip=10.4.4.82)[0m Requirement already satisfied: setuptools<82 in ./anaconda3/lib/python3.11/site-packages (from torch>=2.0.0->accelerate<2.0,>=1.10) (80.9.0)
[36m(_stage pid=1047, ip=10.4.4.82)[0m Requirement already satisfied: sympy>=1.13.3 in ./anaconda3/lib/python3.11/site-packages (from torch>=2.0.0->accelerate<2.0,>=1.10) (1.14.0)
[36m(_stage pid=1047, ip=10.4.4.82)[0m Requirement already satisfied: networkx>=2.5.1 in ./anaconda3/lib/python3.11/site-packages (from torch>=2.0.0->accelerate<2.0,>=1.10) (3.6.1)
[36m(_stage pid=1047, ip=10.4.4.82)[0m Requirement already satisfied: jinja2 in ./anaconda3/lib/python3.11/site-packages (from torch>=2.0.0->accelerate<2.0,>=1.10) (3.1.6)
[36m(_stage pid=1047, ip=10.4.4.82)[0m Requirement already satisfied: cuda-toolkit==12.8.1 in ./anaconda3/lib/python3.11/site-packages (from cuda-toolkit[cublas,cudart,cufft,cufile,cupti,curand,cusolver,cusparse,nvjitlink,nvrtc,nvtx]==12.8.1; platform_system == "Linux"->torch>=2.0.0->accelerate<2.0,>=1.10) (12.8.1)
[36m(_stage pid=1047, ip=10.4.4.82)[0m Requirement already satisfied: cuda-bindings<13,>=12.9.4 in ./anaconda3/lib/python3.11/site-packages (from torch>=2.0.0->accelerate<2.0,>=1.10) (12.9.7)
[36m(_stage pid=1047, ip=10.4.4.82)[0m Requirement already satisfied: nvidia-cudnn-cu12==9.19.0.56 in ./anaconda3/lib/python3.11/site-packages (from torch>=2.0.0->accelerate<2.0,>=1.10) (9.19.0.56)
[36m(_stage pid=1047, ip=10.4.4.82)[0m Requirement already satisfied: nvidia-cusparselt-cu12==0.7.1 in ./anaconda3/lib/python3.11/site-packages (from torch>=2.0.0->accelerate<2.0,>=1.10) (0.7.1)
[36m(_stage pid=1047, ip=10.4.4.82)[0m Requirement already satisfied: nvidia-nccl-cu12==2.28.9 in ./anaconda3/lib/python3.11/site-packages (from torch>=2.0.0->accelerate<2.0,>=1.10) (2.28.9)
[36m(_stage pid=1047, ip=10.4.4.82)[0m Requirement already satisfied: nvidia-nvshmem-cu12==3.4.5 in ./anaconda3/lib/python3.11/site-packages (from torch>=2.0.0->accelerate<2.0,>=1.10) (3.4.5)
[36m(_stage pid=1047, ip=10.4.4.82)[0m Requirement already satisfied: triton==3.6.0 in ./anaconda3/lib/python3.11/site-packages (from torch>=2.0.0->accelerate<2.0,>=1.10) (3.6.0)
[36m(_stage pid=1047, ip=10.4.4.82)[0m Requirement already satisfied: nvidia-cublas-cu12==12.8.4.1.* in ./anaconda3/lib/python3.11/site-packages (from cuda-toolkit[cublas,cudart,cufft,cufile,cupti,curand,cusolver,cusparse,nvjitlink,nvrtc,nvtx]==12.8.1; platform_system == "Linux"->torch>=2.0.0->accelerate<2.0,>=1.10) (12.8.4.1)
[36m(_stage pid=1047, ip=10.4.4.82)[0m Requirement already satisfied: nvidia-cuda-runtime-cu12==12.8.90.* in ./anaconda3/lib/python3.11/site-packages (from cuda-toolkit[cublas,cudart,cufft,cufile,cupti,curand,cusolver,cusparse,nvjitlink,nvrtc,nvtx]==12.8.1; platform_system == "Linux"->torch>=2.0.0->accelerate<2.0,>=1.10) (12.8.90)
[36m(_stage pid=1047, ip=10.4.4.82)[0m Requirement already satisfied: nvidia-cufft-cu12==11.3.3.83.* in ./anaconda3/lib/python3.11/site-packages (from cuda-toolkit[cublas,cudart,cufft,cufile,cupti,curand,cusolver,cusparse,nvjitlink,nvrtc,nvtx]==12.8.1; platform_system == "Linux"->torch>=2.0.0->accelerate<2.0,>=1.10) (11.3.3.83)
[36m(_stage pid=1047, ip=10.4.4.82)[0m Requirement already satisfied: nvidia-cufile-cu12==1.13.1.3.* in ./anaconda3/lib/python3.11/site-packages (from cuda-toolkit[cublas,cudart,cufft,cufile,cupti,curand,cusolver,cusparse,nvjitlink,nvrtc,nvtx]==12.8.1; platform_system == "Linux"->torch>=2.0.0->accelerate<2.0,>=1.10) (1.13.1.3)
[36m(_stage pid=1047, ip=10.4.4.82)[0m Requirement already satisfied: nvidia-cuda-cupti-cu12==12.8.90.* in ./anaconda3/lib/python3.11/site-packages (from cuda-toolkit[cublas,cudart,cufft,cufile,cupti,curand,cusolver,cusparse,nvjitlink,nvrtc,nvtx]==12.8.1; platform_system == "Linux"->torch>=2.0.0->accelerate<2.0,>=1.10) (12.8.90)
[36m(_stage pid=1047, ip=10.4.4.82)[0m Requirement already satisfied: nvidia-curand-cu12==10.3.9.90.* in ./anaconda3/lib/python3.11/site-packages (from cuda-toolkit[cublas,cudart,cufft,cufile,cupti,curand,cusolver,cusparse,nvjitlink,nvrtc,nvtx]==12.8.1; platform_system == "Linux"->torch>=2.0.0->accelerate<2.0,>=1.10) (10.3.9.90)
[36m(_stage pid=1047, ip=10.4.4.82)[0m Requirement already satisfied: nvidia-cusolver-cu12==11.7.3.90.* in ./anaconda3/lib/python3.11/site-packages (from cuda-toolkit[cublas,cudart,cufft,cufile,cupti,curand,cusolver,cusparse,nvjitlink,nvrtc,nvtx]==12.8.1; platform_system == "Linux"->torch>=2.0.0->accelerate<2.0,>=1.10) (11.7.3.90)
[36m(_stage pid=1047, ip=10.4.4.82)[0m Requirement already satisfied: nvidia-cusparse-cu12==12.5.8.93.* in ./anaconda3/lib/python3.11/site-packages (from cuda-toolkit[cublas,cudart,cufft,cufile,cupti,curand,cusolver,cusparse,nvjitlink,nvrtc,nvtx]==12.8.1; platform_system == "Linux"->torch>=2.0.0->accelerate<2.0,>=1.10) (12.5.8.93)
[36m(_stage pid=1047, ip=10.4.4.82)[0m Requirement already satisfied: nvidia-nvjitlink-cu12==12.8.93.* in ./anaconda3/lib/python3.11/site-packages (from cuda-toolkit[cublas,cudart,cufft,cufile,cupti,curand,cusolver,cusparse,nvjitlink,nvrtc,nvtx]==12.8.1; platform_system == "Linux"->torch>=2.0.0->accelerate<2.0,>=1.10) (12.8.93)
[36m(_stage pid=1047, ip=10.4.4.82)[0m Requirement already satisfied: nvidia-cuda-nvrtc-cu12==12.8.93.* in ./anaconda3/lib/python3.11/site-packages (from cuda-toolkit[cublas,cudart,cufft,cufile,cupti,curand,cusolver,cusparse,nvjitlink,nvrtc,nvtx]==12.8.1; platform_system == "Linux"->torch>=2.0.0->accelerate<2.0,>=1.10) (12.8.93)
[36m(_stage pid=1047, ip=10.4.4.82)[0m Requirement already satisfied: nvidia-nvtx-cu12==12.8.90.* in ./anaconda3/lib/python3.11/site-packages (from cuda-toolkit[cublas,cudart,cufft,cufile,cupti,curand,cusolver,cusparse,nvjitlink,nvrtc,nvtx]==12.8.1; platform_system == "Linux"->torch>=2.0.0->accelerate<2.0,>=1.10) (12.8.90)
[36m(_stage pid=1047, ip=10.4.4.82)[0m Collecting mypy-extensions>=0.3.0 (from typing-inspect~=0.9.0->draccus==0.10.0)
[36m(_stage pid=1047, ip=10.4.4.82)[0m   Downloading mypy_extensions-1.1.0-py3-none-any.whl.metadata (1.1 kB)
[36m(_stage pid=1047, ip=10.4.4.82)[0m Requirement already satisfied: zipp>=0.5 in ./anaconda3/lib/python3.11/site-packages (from importlib_metadata->diffusers<0.36,>=0.27.2) (3.19.2)
[36m(_stage pid=1047, ip=10.4.4.82)[0m Requirement already satisfied: pytz>=2020.1 in ./anaconda3/lib/python3.11/site-packages (from pandas->datasets<4.2,>=4.0) (2022.7.1)
[36m(_stage pid=1047, ip=10.4.4.82)[0m Requirement already satisfied: cuda-pathfinder~=1.1 in ./anaconda3/lib/python3.11/site-packages (from cuda-bindings<13,>=12.9.4->torch>=2.0.0->accelerate<2.0,>=1.10) (1.6.0)
[36m(_stage pid=1047, ip=10.4.4.82)[0m Collecting smmap<6,>=3.0.1 (from gitdb<5,>=4.0.1->gitpython!=3.1.29,>=1.0.0->wandb<0.25,>=0.24)
[36m(_stage pid=1047, ip=10.4.4.82)[0m   Downloading smmap-5.0.3-py3-none-any.whl.metadata (4.6 kB)
[36m(_stage pid=1047, ip=10.4.4.82)[0m Requirement already satisfied: anyio in ./anaconda3/lib/python3.11/site-packages (from httpx<1,>=0.23.0->huggingface_hub>=0.21.0->accelerate<2.0,>=1.10) (4.12.0)
[36m(_stage pid=1047, ip=10.4.4.82)[0m Collecting httpcore==1.* (from httpx<1,>=0.23.0->huggingface_hub>=0.21.0->accelerate<2.0,>=1.10)
[36m(_stage pid=1047, ip=10.4.4.82)[0m   Downloading httpcore-1.0.9-py3-none-any.whl.metadata (21 kB)
[36m(_stage pid=1047, ip=10.4.4.82)[0m Requirement already satisfied: h11>=0.16 in ./anaconda3/lib/python3.11/site-packages (from httpcore==1.*->httpx<1,>=0.23.0->huggingface_hub>=0.21.0->accelerate<2.0,>=1.10) (0.16.0)
[36m(_stage pid=1047, ip=10.4.4.82)[0m Requirement already satisfied: six>=1.5 in ./anaconda3/lib/python3.11/site-packages (from python-dateutil<3.0.0,>=2.1->aiobotocore<3.0.0,>=2.5.4->s3fs>=2024.1) (1.16.0)
[36m(_stage pid=1047, ip=10.4.4.82)[0m Requirement already satisfied: mpmath<1.4,>=1.1.0 in ./anaconda3/lib/python3.11/site-packages (from sympy>=1.13.3->torch>=2.0.0->accelerate<2.0,>=1.10) (1.3.0)
[36m(_stage pid=1047, ip=10.4.4.82)[0m Requirement already satisfied: MarkupSafe>=2.0 in ./anaconda3/lib/python3.11/site-packages (from jinja2->torch>=2.0.0->accelerate<2.0,>=1.10) (2.1.3)
[36m(_stage pid=1047, ip=10.4.4.82)[0m Downloading draccus-0.10.0-py3-none-any.whl (71 kB)
[36m(_stage pid=1047, ip=10.4.4.82)[0m Downloading imageio-2.37.0-py3-none-any.whl (315 kB)
[36m(_stage pid=1047, ip=10.4.4.82)[0m Downloading av-15.1.0-cp311-cp311-manylinux_2_28_x86_64.whl (39.6 MB)
[36m(_stage pid=1047, ip=10.4.4.82)[0m    ━━━━━━━━━━━━━━━━━━━━━━━━━━━━━━━━━━━━━━━━ 39.6/39.6 MB 166.7 MB/s eta 0:00:00
[36m(_stage pid=1047, ip=10.4.4.82)[0m Downloading sentencepiece-0.2.2-cp311-cp311-manylinux_2_27_x86_64.manylinux_2_28_x86_64.whl (1.4 MB)
[36m(_stage pid=1047, ip=10.4.4.82)[0m    ━━━━━━━━━━━━━━━━━━━━━━━━━━━━━━━━━━━━━━━━ 1.4/1.4 MB 314.3 MB/s eta 0:00:00
[36m(_stage pid=1047, ip=10.4.4.82)[0m Downloading accelerate-1.15.0-py3-none-any.whl (394 kB)
[36m(_stage pid=1047, ip=10.4.4.82)[0m Downloading einops-0.8.2-py3-none-any.whl (65 kB)
[36m(_stage pid=1047, ip=10.4.4.82)[0m Downloading opencv_python_headless-4.9.0.80-cp37-abi3-manylinux_2_17_x86_64.manylinux2014_x86_64.whl (49.6 MB)
[36m(_stage pid=1047, ip=10.4.4.82)[0m    ━━━━━━━━━━━━━━━━━━━━━━━━━━━━━━━━━━━━━━━━ 49.6/49.6 MB 192.3 MB/s eta 0:00:00
[36m(_stage pid=1047, ip=10.4.4.82)[0m Downloading termcolor-3.3.0-py3-none-any.whl (7.7 kB)
[36m(_stage pid=1047, ip=10.4.4.82)[0m Downloading datasets-4.1.1-py3-none-any.whl (503 kB)
[36m(_stage pid=1047, ip=10.4.4.82)[0m Downloading diffusers-0.35.2-py3-none-any.whl (4.1 MB)
[36m(_stage pid=1047, ip=10.4.4.82)[0m    ━━━━━━━━━━━━━━━━━━━━━━━━━━━━━━━━━━━━━━━━ 4.1/4.1 MB 205.3 MB/s eta 0:00:00
[36m(_stage pid=1047, ip=10.4.4.82)[0m Downloading num2words-0.5.14-py3-none-any.whl (163 kB)
[36m(_stage pid=1047, ip=10.4.4.82)[0m Downloading s3fs-2025.9.0-py3-none-any.whl (30 kB)
[36m(_stage pid=1047, ip=10.4.4.82)[0m Downloading fsspec-2025.9.0-py3-none-any.whl (199 kB)
[36m(_stage pid=1047, ip=10.4.4.82)[0m Downloading pyserial-3.5-py2.py3-none-any.whl (90 kB)
[36m(_stage pid=1047, ip=10.4.4.82)[0m Downloading deepdiff-8.6.2-py3-none-any.whl (91 kB)
[36m(_stage pid=1047, ip=10.4.4.82)[0m Downloading jsonlines-4.0.0-py3-none-any.whl (8.7 kB)
[36m(_stage pid=1047, ip=10.4.4.82)[0m Downloading wandb-0.24.2-py3-none-manylinux_2_28_x86_64.whl (23.0 MB)
[36m(_stage pid=1047, ip=10.4.4.82)[0m    ━━━━━━━━━━━━━━━━━━━━━━━━━━━━━━━━━━━━━━━━ 23.0/23.0 MB 179.3 MB/s eta 0:00:00
[36m(_stage pid=1047, ip=10.4.4.82)[0m Downloading aiobotocore-2.26.0-py3-none-any.whl (87 kB)
[36m(_stage pid=1047, ip=10.4.4.82)[0m Downloading dill-0.4.0-py3-none-any.whl (119 kB)
[36m(_stage pid=1047, ip=10.4.4.82)[0m Downloading gitpython-3.1.62-py3-none-any.whl (222 kB)
[36m(_stage pid=1047, ip=10.4.4.82)[0m Downloading huggingface_hub-1.31.0-py3-none-any.whl (798 kB)
[36m(_stage pid=1047, ip=10.4.4.82)[0m    ━━━━━━━━━━━━━━━━━━━━━━━━━━━━━━━━━━━━━━━ 798.3/798.3 kB 424.1 MB/s eta 0:00:00
[36m(_stage pid=1047, ip=10.4.4.82)[0m Downloading click-8.5.0-py3-none-any.whl (125 kB)
[36m(_stage pid=1047, ip=10.4.4.82)[0m Downloading mergedeep-1.3.4-py3-none-any.whl (6.4 kB)
[36m(_stage pid=1047, ip=10.4.4.82)[0m Downloading multiprocess-0.70.16-py311-none-any.whl (143 kB)
[36m(_stage pid=1047, ip=10.4.4.82)[0m Downloading orderly_set-5.5.0-py3-none-any.whl (13 kB)
[36m(_stage pid=1047, ip=10.4.4.82)[0m Downloading pyarrow-25.0.1-cp311-cp311-manylinux_2_28_x86_64.whl (50.1 MB)
[36m(_stage pid=1047, ip=10.4.4.82)[0m    ━━━━━━━━━━━━━━━━━━━━━━━━━━━━━━━━━━━━━━━━ 50.1/50.1 MB 130.0 MB/s eta 0:00:00
[36m(_stage pid=1047, ip=10.4.4.82)[0m Downloading pyyaml_include-1.4.1-py3-none-any.whl (19 kB)
[36m(_stage pid=1047, ip=10.4.4.82)[0m Downloading regex-2026.9.10-cp311-cp311-manylinux2014_x86_64.manylinux_2_17_x86_64.manylinux_2_28_x86_64.whl (802 kB)
[36m(_stage pid=1047, ip=10.4.4.82)[0m    ━━━━━━━━━━━━━━━━━━━━━━━━━━━━━━━━━━━━━━━ 803.0/803.0 kB 174.1 MB/s eta 0:00:00
[36m(_stage pid=1047, ip=10.4.4.82)[0m Downloading safetensors-0.8.0-cp310-abi3-manylinux_2_17_x86_64.manylinux2014_x86_64.whl (516 kB)
[36m(_stage pid=1047, ip=10.4.4.82)[0m Downloading sentry_sdk-2.69.1-py3-none-any.whl (528 kB)
[36m(_stage pid=1047, ip=10.4.4.82)[0m    ━━━━━━━━━━━━━━━━━━━━━━━━━━━━━━━━━━━━━━━ 528.6/528.6 kB 177.2 MB/s eta 0:00:00
[36m(_stage pid=1047, ip=10.4.4.82)[0m Downloading toml-0.10.2-py2.py3-none-any.whl (16 kB)
[36m(_stage pid=1047, ip=10.4.4.82)[0m Downloading typing_inspect-0.9.0-py3-none-any.whl (8.8 kB)
[36m(_stage pid=1047, ip=10.4.4.82)[0m Downloading imageio_ffmpeg-0.6.0-py3-none-manylinux2014_x86_64.whl (29.5 MB)
[36m(_stage pid=1047, ip=10.4.4.82)[0m    ━━━━━━━━━━━━━━━━━━━━━━━━━━━━━━━━━━━━━━━━ 29.5/29.5 MB 137.3 MB/s eta 0:00:00
[36m(_stage pid=1047, ip=10.4.4.82)[0m Downloading xxhash-4.0.1-cp311-cp311-manylinux2014_x86_64.manylinux_2_17_x86_64.manylinux_2_28_x86_64.whl (261 kB)
[36m(_stage pid=1047, ip=10.4.4.82)[0m Downloading aioitertools-0.13.0-py3-none-any.whl (24 kB)
[36m(_stage pid=1047, ip=10.4.4.82)[0m Downloading botocore-1.41.5-py3-none-any.whl (14.3 MB)
[36m(_stage pid=1047, ip=10.4.4.82)[0m    ━━━━━━━━━━━━━━━━━━━━━━━━━━━━━━━━━━━━━━━━ 14.3/14.3 MB 142.7 MB/s eta 0:00:00
[36m(_stage pid=1047, ip=10.4.4.82)[0m Downloading gitdb-4.0.12-py3-none-any.whl (62 kB)
[36m(_stage pid=1047, ip=10.4.4.82)[0m Downloading hf_xet-1.6.0-cp38-abi3-manylinux2014_x86_64.manylinux_2_17_x86_64.whl (4.5 MB)
[36m(_stage pid=1047, ip=10.4.4.82)[0m    ━━━━━━━━━━━━━━━━━━━━━━━━━━━━━━━━━━━━━━━━ 4.5/4.5 MB 151.4 MB/s eta 0:00:00
[36m(_stage pid=1047, ip=10.4.4.82)[0m Downloading httpx-0.28.1-py3-none-any.whl (73 kB)
[36m(_stage pid=1047, ip=10.4.4.82)[0m Downloading httpcore-1.0.9-py3-none-any.whl (78 kB)
[36m(_stage pid=1047, ip=10.4.4.82)[0m Downloading mypy_extensions-1.1.0-py3-none-any.whl (5.0 kB)
[36m(_stage pid=1047, ip=10.4.4.82)[0m Downloading wrapt-1.17.3-cp311-cp311-manylinux1_x86_64.manylinux_2_28_x86_64.manylinux_2_5_x86_64.whl (82 kB)
[36m(_stage pid=1047, ip=10.4.4.82)[0m Downloading smmap-5.0.3-py3-none-any.whl (24 kB)
[36m(_stage pid=1047, ip=10.4.4.82)[0m Building wheels for collected packages: docopt
[36m(_stage pid=1047, ip=10.4.4.82)[0m   Building wheel for docopt (setup.py): started
[36m(_stage pid=1047, ip=10.4.4.82)[0m   Building wheel for docopt (setup.py): finished with status 'done'
[36m(_stage pid=1047, ip=10.4.4.82)[0m   Created wheel for docopt: filename=docopt-0.6.2-py2.py3-none-any.whl size=13783 sha256=0d823849820d2b3373ea5f137bd118e60d10f6cd6bc56b4729170659e9f44972
[36m(_stage pid=1047, ip=10.4.4.82)[0m   Stored in directory: /tmp/pip-ephem-wheel-cache-p7qfdr1j/wheels/1a/b0/8c/4b75c4116c31f83c8f9f047231251e13cc74481cca4a78a9ce
[36m(_stage pid=1047, ip=10.4.4.82)[0m Successfully built docopt
[36m(_stage pid=1047, ip=10.4.4.82)[0m Installing collected packages: pyserial, docopt, xxhash, wrapt, toml, termcolor, smmap, sentry-sdk, sentencepiece, safetensors, regex, pyyaml-include, pyarrow, orderly-set, opencv-python-headless, num2words, mypy-extensions, mergedeep, jsonlines, imageio-ffmpeg, imageio, httpcore, hf-xet, fsspec, einops, dill, click, av, aioitertools, typing-inspect, multiprocess, httpx, gitdb, deepdiff, botocore, huggingface_hub, gitpython, draccus, aiobotocore, wandb, s3fs, diffusers, datasets, accelerate
[36m(_stage pid=1047, ip=10.4.4.82)[0m   Attempting uninstall: pyarrow
[36m(_stage pid=1047, ip=10.4.4.82)[0m     Found existing installation: pyarrow 19.0.1
[36m(_stage pid=1047, ip=10.4.4.82)[0m     Uninstalling pyarrow-19.0.1:
[36m(_stage pid=1047, ip=10.4.4.82)[0m       Successfully uninstalled pyarrow-19.0.1
[36m(_stage pid=1047, ip=10.4.4.82)[0m   Attempting uninstall: fsspec
[36m(_stage pid=1047, ip=10.4.4.82)[0m     Found existing installation: fsspec 2023.12.1
[36m(_stage pid=1047, ip=10.4.4.82)[0m     Uninstalling fsspec-2023.12.1:
[36m(_stage pid=1047, ip=10.4.4.82)[0m       Successfully uninstalled fsspec-2023.12.1
[36m(_stage pid=1047, ip=10.4.4.82)[0m   Attempting uninstall: click
[36m(_stage pid=1047, ip=10.4.4.82)[0m     Found existing installation: click 8.1.7
[36m(_stage pid=1047, ip=10.4.4.82)[0m     Uninstalling click-8.1.7:
[36m(_stage pid=1047, ip=10.4.4.82)[0m       Successfully uninstalled click-8.1.7
[36m(_stage pid=1047, ip=10.4.4.82)[0m   Attempting uninstall: botocore
[36m(_stage pid=1047, ip=10.4.4.82)[0m     Found existing installation: botocore 1.32.7
[36m(_stage pid=1047, ip=10.4.4.82)[0m     Uninstalling botocore-1.32.7:
[36m(_stage pid=1047, ip=10.4.4.82)[0m       Successfully uninstalled botocore-1.32.7
[36m(_stage pid=1047, ip=10.4.4.82)[0m ERROR: pip's dependency resolver does not currently take into account all the packages that are installed. This behaviour is the source of the following dependency conflicts.
[36m(_stage pid=1047, ip=10.4.4.82)[0m lerobot 0.4.3 requires cmake<4.2.0,>=3.29.0.1, which is not installed.
[36m(_stage pid=1047, ip=10.4.4.82)[0m lerobot 0.4.3 requires pynput<1.9.0,>=1.7.7, which is not installed.
[36m(_stage pid=1047, ip=10.4.4.82)[0m lerobot 0.4.3 requires rerun-sdk<0.27.0,>=0.24.0, which is not installed.
[36m(_stage pid=1047, ip=10.4.4.82)[0m lerobot 0.4.3 requires torchcodec<0.6.0,>=0.2.1; sys_platform != "win32" and (sys_platform != "linux" or (platform_machine != "aarch64" and platform_machine != "arm64" and platform_machine != "armv7l")) and (sys_platform != "darwin" or platform_machine != "x86_64"), which is not installed.
[36m(_stage pid=1047, ip=10.4.4.82)[0m boto3 1.29.7 requires botocore<1.33.0,>=1.32.7, but you have botocore 1.41.5 which is incompatible.
[36m(_stage pid=1047, ip=10.4.4.82)[0m lerobot 0.4.3 requires huggingface-hub[cli,hf-transfer]<0.36.0,>=0.34.2, but you have huggingface-hub 1.31.0 which is incompatible.
[36m(_stage pid=1047, ip=10.4.4.82)[0m lerobot 0.4.3 requires torch<2.8.0,>=2.2.1, but you have torch 2.11.0+cu128 which is incompatible.
[36m(_stage pid=1047, ip=10.4.4.82)[0m lerobot 0.4.3 requires torchvision<0.23.0,>=0.21.0, but you have torchvision 0.26.0+cu128 which is incompatible.
[36m(_stage pid=1047, ip=10.4.4.82)[0m Successfully installed accelerate-1.15.0 aiobotocore-2.26.0 aioitertools-0.13.0 av-15.1.0 botocore-1.41.5 click-8.5.0 datasets-4.1.1 deepdiff-8.6.2 diffusers-0.35.2 dill-0.4.0 docopt-0.6.2 draccus-0.10.0 einops-0.8.2 fsspec-2025.9.0 gitdb-4.0.12 gitpython-3.1.62 hf-xet-1.6.0 httpcore-1.0.9 httpx-0.28.1 huggingface_hub-1.31.0 imageio-2.37.0 imageio-ffmpeg-0.6.0 jsonlines-4.0.0 mergedeep-1.3.4 multiprocess-0.70.16 mypy-extensions-1.1.0 num2words-0.5.14 opencv-python-headless-4.9.0.80 orderly-set-5.5.0 pyarrow-25.0.1 pyserial-3.5 pyyaml-include-1.4.1 regex-2026.9.10 s3fs-2025.9.0 safetensors-0.8.0 sentencepiece-0.2.2 sentry-sdk-2.69.1 smmap-5.0.3 termcolor-3.3.0 toml-0.10.2 typing-inspect-0.9.0 wandb-0.24.2 wrapt-1.17.3 xxhash-4.0.1
[36m(_stage pid=1047, ip=10.4.4.82)[0m === Installing patched transformers fork ===
[36m(_stage pid=1047, ip=10.4.4.82)[0m WARNING: Skipping transformers as it is not installed.
[36m(_stage pid=1047, ip=10.4.4.82)[0m WARNING: Skipping tokenizers as it is not installed.
[36m(_stage pid=1047, ip=10.4.4.82)[0m Processing /checkpoint/physical-ai/wheels/transformers-4.53.3-py3-none-any.whl
[36m(_stage pid=1047, ip=10.4.4.82)[0m Requirement already satisfied: filelock in ./anaconda3/lib/python3.11/site-packages (from transformers==4.53.3) (3.17.0)
[36m(_stage pid=1047, ip=10.4.4.82)[0m Collecting huggingface-hub<1.0,>=0.30.0 (from transformers==4.53.3)
[36m(_stage pid=1047, ip=10.4.4.82)[0m   Downloading huggingface_hub-0.36.2-py3-none-any.whl.metadata (15 kB)
[36m(_stage pid=1047, ip=10.4.4.82)[0m Requirement already satisfied: numpy>=1.17 in ./anaconda3/lib/python3.11/site-packages (from transformers==4.53.3) (1.26.4)
[36m(_stage pid=1047, ip=10.4.4.82)[0m Requirement already satisfied: packaging>=20.0 in ./anaconda3/lib/python3.11/site-packages (from transformers==4.53.3) (24.2)
[36m(_stage pid=1047, ip=10.4.4.82)[0m Requirement already satisfied: pyyaml>=5.1 in ./anaconda3/lib/python3.11/site-packages (from transformers==4.53.3) (6.0.3)
[36m(_stage pid=1047, ip=10.4.4.82)[0m Requirement already satisfied: regex!=2019.12.17 in ./anaconda3/lib/python3.11/site-packages (from transformers==4.53.3) (2026.9.10)
[36m(_stage pid=1047, ip=10.4.4.82)[0m Requirement already satisfied: requests in ./anaconda3/lib/python3.11/site-packages (from transformers==4.53.3) (2.32.5)
[36m(_stage pid=1047, ip=10.4.4.82)[0m Collecting tokenizers<0.22,>=0.21 (from transformers==4.53.3)
[36m(_stage pid=1047, ip=10.4.4.82)[0m   Downloading tokenizers-0.21.4-cp39-abi3-manylinux_2_17_x86_64.manylinux2014_x86_64.whl.metadata (6.7 kB)
[36m(_stage pid=1047, ip=10.4.4.82)[0m Requirement already satisfied: safetensors>=0.4.3 in ./anaconda3/lib/python3.11/site-packages (from transformers==4.53.3) (0.8.0)
[36m(_stage pid=1047, ip=10.4.4.82)[0m Requirement already satisfied: tqdm>=4.27 in ./anaconda3/lib/python3.11/site-packages (from transformers==4.53.3) (4.67.1)
[36m(_stage pid=1047, ip=10.4.4.82)[0m Requirement already satisfied: fsspec>=2023.5.0 in ./anaconda3/lib/python3.11/site-packages (from huggingface-hub<1.0,>=0.30.0->transformers==4.53.3) (2025.9.0)
[36m(_stage pid=1047, ip=10.4.4.82)[0m Requirement already satisfied: hf-xet<2.0.0,>=1.1.3 in ./anaconda3/lib/python3.11/site-packages (from huggingface-hub<1.0,>=0.30.0->transformers==4.53.3) (1.6.0)
[36m(_stage pid=1047, ip=10.4.4.82)[0m Requirement already satisfied: typing-extensions>=3.7.4.3 in ./anaconda3/lib/python3.11/site-packages (from huggingface-hub<1.0,>=0.30.0->transformers==4.53.3) (4.15.0)
[36m(_stage pid=1047, ip=10.4.4.82)[0m Requirement already satisfied: charset_normalizer<4,>=2 in ./anaconda3/lib/python3.11/site-packages (from requests->transformers==4.53.3) (3.3.2)
[36m(_stage pid=1047, ip=10.4.4.82)[0m Requirement already satisfied: idna<4,>=2.5 in ./anaconda3/lib/python3.11/site-packages (from requests->transformers==4.53.3) (3.7)
[36m(_stage pid=1047, ip=10.4.4.82)[0m Requirement already satisfied: urllib3<3,>=1.21.1 in ./anaconda3/lib/python3.11/site-packages (from requests->transformers==4.53.3) (1.26.19)
[36m(_stage pid=1047, ip=10.4.4.82)[0m Requirement already satisfied: certifi>=2017.4.17 in ./anaconda3/lib/python3.11/site-packages (from requests->transformers==4.53.3) (2025.1.31)
[36m(_stage pid=1047, ip=10.4.4.82)[0m Downloading huggingface_hub-0.36.2-py3-none-any.whl (566 kB)
[36m(_stage pid=1047, ip=10.4.4.82)[0m    ━━━━━━━━━━━━━━━━━━━━━━━━━━━━━━━━━━━━━━━━ 566.4/566.4 kB 25.4 MB/s eta 0:00:00
[36m(_stage pid=1047, ip=10.4.4.82)[0m Downloading tokenizers-0.21.4-cp39-abi3-manylinux_2_17_x86_64.manylinux2014_x86_64.whl (3.1 MB)
[36m(_stage pid=1047, ip=10.4.4.82)[0m    ━━━━━━━━━━━━━━━━━━━━━━━━━━━━━━━━━━━━━━━━ 3.1/3.1 MB 114.3 MB/s eta 0:00:00
[36m(_stage pid=1047, ip=10.4.4.82)[0m Installing collected packages: huggingface-hub, tokenizers, transformers
[36m(_stage pid=1047, ip=10.4.4.82)[0m   Attempting uninstall: huggingface-hub
[36m(_stage pid=1047, ip=10.4.4.82)[0m     Found existing installation: huggingface_hub 1.31.0
[36m(_stage pid=1047, ip=10.4.4.82)[0m     Uninstalling huggingface_hub-1.31.0:
[36m(_stage pid=1047, ip=10.4.4.82)[0m       Successfully uninstalled huggingface_hub-1.31.0
[36m(_stage pid=1047, ip=10.4.4.82)[0m ERROR: pip's dependency resolver does not currently take into account all the packages that are installed. This behaviour is the source of the following dependency conflicts.
[36m(_stage pid=1047, ip=10.4.4.82)[0m lerobot 0.4.3 requires cmake<4.2.0,>=3.29.0.1, which is not installed.
[36m(_stage pid=1047, ip=10.4.4.82)[0m lerobot 0.4.3 requires pynput<1.9.0,>=1.7.7, which is not installed.
[36m(_stage pid=1047, ip=10.4.4.82)[0m lerobot 0.4.3 requires rerun-sdk<0.27.0,>=0.24.0, which is not installed.
[36m(_stage pid=1047, ip=10.4.4.82)[0m lerobot 0.4.3 requires torchcodec<0.6.0,>=0.2.1; sys_platform != "win32" and (sys_platform != "linux" or (platform_machine != "aarch64" and platform_machine != "arm64" and platform_machine != "armv7l")) and (sys_platform != "darwin" or platform_machine != "x86_64"), which is not installed.
[36m(_stage pid=1047, ip=10.4.4.82)[0m lerobot 0.4.3 requires huggingface-hub[cli,hf-transfer]<0.36.0,>=0.34.2, but you have huggingface-hub 0.36.2 which is incompatible.
[36m(_stage pid=1047, ip=10.4.4.82)[0m lerobot 0.4.3 requires torch<2.8.0,>=2.2.1, but you have torch 2.11.0+cu128 which is incompatible.
[36m(_stage pid=1047, ip=10.4.4.82)[0m lerobot 0.4.3 requires torchvision<0.23.0,>=0.21.0, but you have torchvision 0.26.0+cu128 which is incompatible.
[36m(_stage pid=1047, ip=10.4.4.82)[0m Successfully installed huggingface-hub-0.36.2 tokenizers-0.21.4 transformers-4.53.3
[36m(_stage pid=1047, ip=10.4.4.82)[0m === VLA dependencies ready ===
2026-09-10 21:10:42,940 [INFO]   physical-ai-02-vla-finetuning-p97ft-gpu-train-work-worker-nxr26: installed
2026-09-10 21:10:42,940 [INFO] Staging model checkpoints to local storage...
2026-09-10 21:10:42,940 [INFO] Staging /checkpoint/physical-ai/mirror/pi05_libero_finetuned -> /tmp/lerobot/pi05_libero_finetuned ...
2026-09-10 21:11:34,697 [INFO]   on head: copied from /checkpoint/physical-ai/mirror/pi05_libero_finetuned: /tmp/lerobot/pi05_libero_finetuned
2026-09-10 21:12:19,312 [INFO]   physical-ai-02-vla-finetuning-p97ft-gpu-train-work-worker-nxr26: copied from /checkpoint/physical-ai/mirror/pi05_libero_finetuned: /tmp/lerobot/pi05_libero_finetuned
2026-09-10 21:12:19,313 [INFO] Staging /checkpoint/physical-ai/mirror/pi05_base -> /tmp/lerobot/pi05_base ...
2026-09-10 21:12:19,613 [INFO]   on head: copied from /checkpoint/physical-ai/mirror/pi05_base: /tmp/lerobot/pi05_base
2026-09-10 21:12:19,837 [INFO]   physical-ai-02-vla-finetuning-p97ft-gpu-train-work-worker-nxr26: copied from /checkpoint/physical-ai/mirror/pi05_base: /tmp/lerobot/pi05_base
2026-09-10 21:12:19,837 [INFO] Staging PaliGemma Tokenizer -> ~/.cache/huggingface/hub ...
2026-09-10 21:12:19,909 [INFO] Staging PaliGemma tokenizer from GCS mirror (/checkpoint/physical-ai/mirror/paligemma_tokenizer/hub) -> /home/ray/.cache/huggingface/hub...
2026-09-10 21:12:21,857 [INFO] PaliGemma tokenizer cached successfully from GCS mirror.
2026-09-10 21:12:21,857 [INFO]   on head: copied_from_gcs
2026-09-10 21:12:23,390 [INFO]   physical-ai-02-vla-finetuning-p97ft-gpu-train-work-worker-nxr26: copied_from_gcs
2026-09-10 21:12:23,691 [INFO] released phase state on 1 GPU node(s)
2026-09-10 21:12:23,699 [INFO] host headroom OK (all nodes): lowest is physical-ai-02-vla-finetuning-p97ft-gpu-train-work-worker-nxr26 with 1429558 MiB available (need 136000)
2026-09-10 21:12:23,699 [INFO] Starting TorchTrainer (workers=8, max_steps=1000)...
[36m(TrainController pid=4105)[0m Requesting resources: {'GPU': 1} * 8
[36m(TrainController pid=4105)[0m Attempting to start training worker group of size 8 with the following resources: [{'GPU': 1}] * 8
[36m(RayTrainWorker pid=2085, ip=10.4.4.82)[0m Setting up process group for: env:// [rank=0, world_size=8]
[36m(TrainController pid=4105)[0m Started training worker group of size 8: 
[36m(TrainController pid=4105)[0m - (ip=10.4.4.82, pid=2085) world_rank=0, local_rank=0, node_rank=0
[36m(TrainController pid=4105)[0m - (ip=10.4.4.82, pid=2079) world_rank=1, local_rank=1, node_rank=0
[36m(TrainController pid=4105)[0m - (ip=10.4.4.82, pid=2082) world_rank=2, local_rank=2, node_rank=0
[36m(TrainController pid=4105)[0m - (ip=10.4.4.82, pid=2084) world_rank=3, local_rank=3, node_rank=0
[36m(TrainController pid=4105)[0m - (ip=10.4.4.82, pid=2083) world_rank=4, local_rank=4, node_rank=0
[36m(TrainController pid=4105)[0m - (ip=10.4.4.82, pid=2078) world_rank=5, local_rank=5, node_rank=0
[36m(TrainController pid=4105)[0m - (ip=10.4.4.82, pid=2080) world_rank=6, local_rank=6, node_rank=0
[36m(TrainController pid=4105)[0m - (ip=10.4.4.82, pid=2081) world_rank=7, local_rank=7, node_rank=0
[36m(RayTrainWorker pid=2082, ip=10.4.4.82)[0m The PI05 model is a direct port of the OpenPI implementation. 
[36m(RayTrainWorker pid=2082, ip=10.4.4.82)[0m This implementation follows the original OpenPI structure for compatibility. 
[36m(RayTrainWorker pid=2082, ip=10.4.4.82)[0m Original implementation: https://github.com/Physical-Intelligence/openpi
[36m(RayTrainWorker pid=2081, ip=10.4.4.82)[0m Enabled gradient checkpointing for PI05Pytorch model
[36m(RayTrainWorker pid=2078, ip=10.4.4.82)[0m The PI05 model is a direct port of the OpenPI implementation. [32m [repeated 7x across cluster] (Ray deduplicates logs by default. Set RAY_DEDUP_LOGS=0 to disable log deduplication, or see https://docs.ray.io/en/master/ray-observability/user-guides/configure-logging.html#log-deduplication for more options.)[0m
[36m(RayTrainWorker pid=2078, ip=10.4.4.82)[0m This implementation follows the original OpenPI structure for compatibility. [32m [repeated 7x across cluster][0m
[36m(RayTrainWorker pid=2078, ip=10.4.4.82)[0m Original implementation: https://github.com/Physical-Intelligence/openpi[32m [repeated 7x across cluster][0m
[36m(RayTrainWorker pid=2081, ip=10.4.4.82)[0m Loading model from: /tmp/lerobot/pi05_libero_finetuned
[36m(RayTrainWorker pid=2081, ip=10.4.4.82)[0m ✓ Loaded state dict from model.safetensors
[36m(RayTrainWorker pid=2085, ip=10.4.4.82)[0m Moving model to device: cuda:0
[36m(RayTrainWorker pid=2085, ip=10.4.4.82)[0m Wrapping provided model in DistributedDataParallel.
[36m(SplitCoordinator pid=4317)[0m Registered dataset logger for dataset train_4_0
[36m(SplitCoordinator pid=4317)[0m Starting execution of Dataset train_4_0. Full logs are in /tmp/ray/session_2026-09-10_21-04-48_913612_1/logs/ray-data
[36m(SplitCoordinator pid=4317)[0m Execution plan of Dataset train_4_0: InputDataBuffer[Input] -> TaskPoolMapOperator[ReadLeRobot] -> LimitOperator[limit=8256] -> TaskPoolMapOperator[Map(rename_columns)->MapBatches(transpose_images)] -> OutputSplitter[split(8, equal=True)]
[36m(SplitCoordinator pid=4317)[0m ⚠️  Ray's object store is configured to use only 30.0% of available memory (162.9GiB out of 544.0GiB total). For optimal Ray Data performance, we recommend setting the object store to at least 50% of available memory. You can do this by setting the 'object_store_memory' parameter when calling ray.init() or by setting the RAY_DEFAULT_OBJECT_STORE_MEMORY_PROPORTION environment variable.
[36m(SplitCoordinator pid=4317)[0m [dataset]: A new progress UI is available. To enable, set `ray.data.DataContext.get_current().enable_rich_progress_bars = True` and `ray.data.DataContext.get_current().use_ray_tqdm = False`.

[2m[36m(pid=4317) [0mRunning Dataset train_4_0.: 0.00 row [00:00, ? row/s]

[2m[36m(pid=4317) [0m- ReadLeRobot:   0%|          | 0.00/1.00 [00:00<?, ? row/s][A


[2m[36m(pid=4317) [0m- limit=8256:   0%|          | 0.00/1.00 [00:00<?, ? row/s][A[A



[2m[36m(pid=4317) [0m- Map(rename_columns)->MapBatches(transpose_images):   0%|          | 0.00/1.00 [00:00<?, ? row/s][A[A[A




[2m[36m(pid=4317) [0m- split(8, equal=True):   0%|          | 0.00/1.00 [00:00<?, ? row/s][A[A[A[A
[2m[36m(pid=4317) [0mRunning Dataset: train_4_0. Active & requested resources: 37/136 CPU, 0.0B/81.5GiB object store: : 0.00 row [00:01, ? row/s]
[2m[36m(pid=4317) [0mRunning Dataset: train_4_0. Active & requested resources: 37/136 CPU, 0.0B/81.5GiB object store: : 0.00 row [00:01, ? row/s]

[2m[36m(pid=4317) [0m- ReadLeRobot: Tasks: 37; Actors: 0; Queued blocks: 0 (0.0B); Resources: 37.0 CPU, 0.0B object store:   0%|          | 0.00/1.00 [00:01<?, ? row/s][A

[2m[36m(pid=4317) [0m- ReadLeRobot: Tasks: 37; Actors: 0; Queued blocks: 0 (0.0B); Resources: 37.0 CPU, 0.0B object store:   0%|          | 0.00/1.00 [00:01<?, ? row/s][A


[2m[36m(pid=4317) [0m- limit=8256: Tasks: 0; Actors: 0; Queued blocks: 0 (0.0B); Resources: 0.0 CPU, 0.0B object store:   0%|          | 0.00/1.00 [00:01<?, ? row/s][A[A


[2m[36m(pid=4317) [0m- limit=8256: Tasks: 0; Actors: 0; Queued blocks: 0 (0.0B); Resources: 0.0 CPU, 0.0B object store:   0%|          | 0.00/1.00 [00:01<?, ? row/s][A[A



[2m[36m(pid=4317) [0m- Map(rename_columns)->MapBatches(transpose_images): Tasks: 0; Actors: 0; Queued blocks: 0 (0.0B); Resources: 0.0 CPU, 0.0B object store:   0%|          | 0.00/1.00 [00:01<?, ? row/s][A[A[A



[2m[36m(pid=4317) [0m- Map(rename_columns)->MapBatches(transpose_images): Tasks: 0; Actors: 0; Queued blocks: 0 (0.0B); Resources: 0.0 CPU, 0.0B object store:   0%|          | 0.00/1.00 [00:01<?, ? row/s][A[A[A




[2m[36m(pid=4317) [0m- split(8, equal=True): Tasks: 0; Actors: 0; Queued blocks: 0 (0.0B); Resources: 0.0 CPU, 0.0B object store; [all objects local]:   0%|          | 0.00/1.00 [00:01<?, ? row/s][A[A[A[A




[2m[36m(pid=4317) [0m- split(8, equal=True): Tasks: 0; Actors: 0; Queued blocks: 0 (0.0B); Resources: 0.0 CPU, 0.0B object store; [all objects local]:   0%|          | 0.00/1.00 [00:01<?, ? row/s][A[A[A[A
[2m[36m(pid=4317) [0mRunning Dataset: train_4_0. Active & requested resources: 37/136 CPU, 0.0B/81.5GiB object store: : 0.00 row [00:02, ? row/s]

[2m[36m(pid=4317) [0m- ReadLeRobot: Tasks: 37; Actors: 0; Queued blocks: 0 (0.0B); Resources: 37.0 CPU, 0.0B object store:   0%|          | 0.00/1.00 [00:02<?, ? row/s][A


[2m[36m(pid=4317) [0m- limit=8256: Tasks: 0; Actors: 0; Queued blocks: 0 (0.0B); Resources: 0.0 CPU, 0.0B object store:   0%|          | 0.00/1.00 [00:02<?, ? row/s][A[A



[2m[36m(pid=4317) [0m- Map(rename_columns)->MapBatches(transpose_images): Tasks: 0; Actors: 0; Queued blocks: 0 (0.0B); Resources: 0.0 CPU, 0.0B object store:   0%|          | 0.00/1.00 [00:02<?, ? row/s][A[A[A




[2m[36m(pid=4317) [0m- split(8, equal=True): Tasks: 0; Actors: 0; Queued blocks: 0 (0.0B); Resources: 0.0 CPU, 0.0B object store; [all objects local]:   0%|          | 0.00/1.00 [00:02<?, ? row/s][A[A[A[A
[2m[36m(pid=4317) [0mRunning Dataset: train_4_0. Active & requested resources: 37/136 CPU, 0.0B/81.5GiB object store: : 0.00 row [00:03, ? row/s]

[2m[36m(pid=4317) [0m- ReadLeRobot: Tasks: 37; Actors: 0; Queued blocks: 0 (0.0B); Resources: 37.0 CPU, 0.0B object store:   0%|          | 0.00/1.00 [00:03<?, ? row/s][A


[2m[36m(pid=4317) [0m- limit=8256: Tasks: 0; Actors: 0; Queued blocks: 0 (0.0B); Resources: 0.0 CPU, 0.0B object store:   0%|          | 0.00/1.00 [00:03<?, ? row/s][A[A



[2m[36m(pid=4317) [0m- Map(rename_columns)->MapBatches(transpose_images): Tasks: 0; Actors: 0; Queued blocks: 0 (0.0B); Resources: 0.0 CPU, 0.0B object store:   0%|          | 0.00/1.00 [00:03<?, ? row/s][A[A[A




[2m[36m(pid=4317) [0m- split(8, equal=True): Tasks: 0; Actors: 0; Queued blocks: 0 (0.0B); Resources: 0.0 CPU, 0.0B object store; [all objects local]:   0%|          | 0.00/1.00 [00:03<?, ? row/s][A[A[A[A
[2m[36m(pid=4317) [0mRunning Dataset: train_4_0. Active & requested resources: 48/136 CPU, 10.8GiB/81.5GiB object store: : 0.00 row [00:04, ? row/s]
[2m[36m(pid=4317) [0mRunning Dataset: train_4_0. Active & requested resources: 48/136 CPU, 10.8GiB/81.5GiB object store: : 0.00 row [00:04, ? row/s]



[2m[36m(pid=4317) [0m- Map(rename_columns)->MapBatches(transpose_images): Tasks: 12; Actors: 0; Queued blocks: 0 (0.0B); Resources: 12.0 CPU, 0.0B object store:   0%|          | 0.00/1.00 [00:04<?, ? row/s][A[A[A



[2m[36m(pid=4317) [0m- Map(rename_columns)->MapBatches(transpose_images): Tasks: 12; Actors: 0; Queued blocks: 0 (0.0B); Resources: 12.0 CPU, 0.0B object store:   0%|          | 0.00/1.00 [00:04<?, ? row/s][A[A[A

[2m[36m(pid=4317) [0m- ReadLeRobot: Tasks: 37; Actors: 0; Queued blocks: 0 (0.0B); Resources: 37.0 CPU, 9.3GiB object store:   0%|          | 0.00/1.00 [00:04<?, ? row/s][A

[2m[36m(pid=4317) [0m- ReadLeRobot: Tasks: 37; Actors: 0; Queued blocks: 0 (0.0B); Resources: 37.0 CPU, 9.3GiB object store:   0%|          | 0.00/4.10k [00:04<?, ? row/s][A

[2m[36m(pid=4317) [0m- ReadLeRobot: Tasks: 37; Actors: 0; Queued blocks: 0 (0.0B); Resources: 37.0 CPU, 9.3GiB object store: 100%|██████████| 4.10k/4.10k [00:04<00:00, 952 row/s][A

[2m[36m(pid=4317) [0m- ReadLeRobot: Tasks: 37; Actors: 0; Queued blocks: 0 (0.0B); Resources: 37.0 CPU, 9.3GiB object store: 100%|██████████| 4.10k/4.10k [00:04<00:00, 952 row/s][A


[2m[36m(pid=4317) [0m- limit=8256: Tasks: 0; Actors: 0; Queued blocks: 0 (0.0B); Resources: 0.0 CPU, 1.5GiB object store:   0%|          | 0.00/1.00 [00:04<?, ? row/s][A[A


[2m[36m(pid=4317) [0m- limit=8256: Tasks: 0; Actors: 0; Queued blocks: 0 (0.0B); Resources: 0.0 CPU, 1.5GiB object store:   0%|          | 0.00/4.10k [00:04<?, ? row/s][A[A


[2m[36m(pid=4317) [0m- limit=8256: Tasks: 0; Actors: 0; Queued blocks: 0 (0.0B); Resources: 0.0 CPU, 1.5GiB object store: 100%|██████████| 4.10k/4.10k [00:04<00:00, 952 row/s][A[A


[2m[36m(pid=4317) [0m- limit=8256: Tasks: 0; Actors: 0; Queued blocks: 0 (0.0B); Resources: 0.0 CPU, 1.5GiB object store: 100%|██████████| 4.10k/4.10k [00:04<00:00, 952 row/s][A[A




[2m[36m(pid=4317) [0m- split(8, equal=True): Tasks: 0; Actors: 0; Queued blocks: 0 (0.0B); Resources: 0.0 CPU, 0.0B object store; [all objects local]:   0%|          | 0.00/1.00 [00:04<?, ? row/s][A[A[A[A



[2m[36m(pid=4317) [0m- Map(rename_columns)->MapBatches(transpose_images): Tasks: 15; Actors: 0; Queued blocks: 0 (0.0B); Resources: 15.0 CPU, 0.0B object store:   0%|          | 0.00/1.00 [00:05<?, ? row/s][A[A[A



[2m[36m(pid=4317) [0m- Map(rename_columns)->MapBatches(transpose_images): Tasks: 15; Actors: 0; Queued blocks: 0 (0.0B); Resources: 15.0 CPU, 0.0B object store:   0%|          | 0.00/1.00 [00:05<?, ? row/s][A[A[A
[2m[36m(pid=4317) [0mRunning Dataset: train_4_0. Active & requested resources: 50/136 CPU, 11.2GiB/81.5GiB object store: : 0.00 row [00:05, ? row/s]
[2m[36m(pid=4317) [0mRunning Dataset: train_4_0. Active & requested resources: 50/136 CPU, 11.2GiB/81.5GiB object store: : 0.00 row [00:05, ? row/s]

[2m[36m(pid=4317) [0m- ReadLeRobot: Tasks: 37; Actors: 0; Queued blocks: 0 (0.0B); Resources: 37.0 CPU, 9.3GiB object store:  80%|████████  | 4.10k/5.13k [00:05<00:01, 952 row/s][A

[2m[36m(pid=4317) [0m- ReadLeRobot: Tasks: 37; Actors: 0; Queued blocks: 0 (0.0B); Resources: 37.0 CPU, 9.3GiB object store: 100%|██████████| 5.13k/5.13k [00:05<00:00, 964 row/s][A

[2m[36m(pid=4317) [0m- ReadLeRobot: Tasks: 37; Actors: 0; Queued blocks: 0 (0.0B); Resources: 37.0 CPU, 9.3GiB object store: 100%|██████████| 5.13k/5.13k [00:05<00:00, 964 row/s][A


[2m[36m(pid=4317) [0m- limit=8256: Tasks: 0; Actors: 0; Queued blocks: 0 (0.0B); Resources: 0.0 CPU, 1.9GiB object store: 100%|██████████| 4.10k/4.10k [00:05<00:00, 952 row/s][A[A


[2m[36m(pid=4317) [0m- limit=8256: Tasks: 0; Actors: 0; Queued blocks: 0 (0.0B); Resources: 0.0 CPU, 1.9GiB object store:  80%|████████  | 4.10k/5.13k [00:05<00:01, 952 row/s][A[A


[2m[36m(pid=4317) [0m- limit=8256: Tasks: 0; Actors: 0; Queued blocks: 0 (0.0B); Resources: 0.0 CPU, 1.9GiB object store: 100%|██████████| 5.13k/5.13k [00:05<00:00, 964 row/s][A[A


[2m[36m(pid=4317) [0m- limit=8256: Tasks: 0; Actors: 0; Queued blocks: 0 (0.0B); Resources: 0.0 CPU, 1.9GiB object store: 100%|██████████| 5.13k/5.13k [00:05<00:00, 964 row/s][A[A




[2m[36m(pid=4317) [0m- split(8, equal=True): Tasks: 0; Actors: 0; Queued blocks: 0 (0.0B); Resources: 0.0 CPU, 0.0B object store; [all objects local]:   0%|          | 0.00/1.00 [00:05<?, ? row/s][A[A[A[A
[2m[36m(pid=4317) [0mRunning Dataset: train_4_0. Active & requested resources: 60/136 CPU, 12.7GiB/81.5GiB object store: : 0.00 row [00:06, ? row/s]
[2m[36m(pid=4317) [0mRunning Dataset: train_4_0. Active & requested resources: 60/136 CPU, 12.7GiB/81.5GiB object store: : 0.00 row [00:06, ? row/s]


[2m[36m(pid=4317) [0m- limit=8256: Tasks: 0; Actors: 0; Queued blocks: 0 (0.0B); Resources: 0.0 CPU, 3.0GiB object store: 100%|██████████| 5.13k/5.13k [00:08<00:00, 964 row/s][A[A


[2m[36m(pid=4317) [0m- limit=8256: Tasks: 0; Actors: 0; Queued blocks: 0 (0.0B); Resources: 0.0 CPU, 3.0GiB object store:  65%|██████▌   | 5.13k/7.87k [00:08<00:02, 964 row/s][A[A


[2m[36m(pid=4317) [0m- limit=8256: Tasks: 0; Actors: 0; Queued blocks: 0 (0.0B); Resources: 0.0 CPU, 3.0GiB object store: 100%|██████████| 7.87k/7.87k [00:08<00:00, 975 row/s][A[A


[2m[36m(pid=4317) [0m- limit=8256: Tasks: 0; Actors: 0; Queued blocks: 0 (0.0B); Resources: 0.0 CPU, 3.0GiB object store: 100%|██████████| 7.87k/7.87k [00:08<00:00, 975 row/s][A[A
[2m[36m(pid=4317) [0mRunning Dataset: train_4_0. Active & requested resources: 60/136 CPU, 12.7GiB/81.5GiB object store: : 0.00 row [00:08, ? row/s]

[2m[36m(pid=4317) [0m- ReadLeRobot: Tasks: 37; Actors: 0; Queued blocks: 0 (0.0B); Resources: 37.0 CPU, 9.3GiB object store:  56%|█████▌    | 5.13k/9.23k [00:08<00:04, 964 row/s][A

[2m[36m(pid=4317) [0m- ReadLeRobot: Tasks: 37; Actors: 0; Queued blocks: 0 (0.0B); Resources: 37.0 CPU, 9.3GiB object store: 100%|██████████| 9.23k/9.23k [00:08<00:00, 1.22k row/s][A

[2m[36m(pid=4317) [0m- ReadLeRobot: Tasks: 37; Actors: 0; Queued blocks: 0 (0.0B); Resources: 37.0 CPU, 9.3GiB object store: 100%|██████████| 9.23k/9.23k [00:08<00:00, 1.22k row/s][A



[2m[36m(pid=4317) [0m- Map(rename_columns)->MapBatches(transpose_images): Tasks: 23; Actors: 0; Queued blocks: 0 (0.0B); Resources: 23.0 CPU, 0.0B object store:   0%|          | 0.00/1.00 [00:08<?, ? row/s][A[A[A



[2m[36m(pid=4317) [0m- Map(rename_columns)->MapBatches(transpose_images): Tasks: 23; Actors: 0; Queued blocks: 0 (0.0B); Resources: 23.0 CPU, 0.0B object store:   0%|          | 0.00/1.00 [00:08<?, ? row/s][A[A[A




[2m[36m(pid=4317) [0m- split(8, equal=True): Tasks: 0; Actors: 0; Queued blocks: 0 (0.0B); Resources: 0.0 CPU, 0.0B object store; [all objects local]:   0%|          | 0.00/1.00 [00:08<?, ? row/s][A[A[A[A
[2m[36m(pid=4317) [0mRunning Dataset: train_4_0. Active & requested resources: 48/136 CPU, 13.3GiB/81.5GiB object store: : 0.00 row [00:09, ? row/s]
[2m[36m(pid=4317) [0mRunning Dataset: train_4_0. Active & requested resources: 48/136 CPU, 13.3GiB/81.5GiB object store:   0%|          | 0.00/8.55k [00:09<?, ? row/s]
[2m[36m(pid=4317) [0mRunning Dataset: train_4_0. Active & requested resources: 48/136 CPU, 13.3GiB/81.5GiB object store:  32%|███▏      | 2.74k/8.55k [00:09<00:19, 299 row/s]
[2m[36m(pid=4317) [0mRunning Dataset: train_4_0. Active & requested resources: 48/136 CPU, 13.3GiB/81.5GiB object store:  32%|███▏      | 2.74k/8.55k [00:09<00:19, 299 row/s]

[2m[36m(pid=4317) [0m- ReadLeRobot: Tasks: 37; Actors: 0; Queued blocks: 0 (0.0B); Resources: 37.0 CPU, 10.0GiB object store: 100%|██████████| 9.23k/9.23k [00:09<00:00, 1.22k row/s][A

[2m[36m(pid=4317) [0m- ReadLeRobot: Tasks: 37; Actors: 0; Queued blocks: 0 (0.0B); Resources: 37.0 CPU, 10.0GiB object store:  32%|███▏      | 9.23k/28.7k [00:09<00:15, 1.22k row/s][A

[2m[36m(pid=4317) [0m- ReadLeRobot: Tasks: 37; Actors: 0; Queued blocks: 0 (0.0B); Resources: 37.0 CPU, 10.0GiB object store: 100%|██████████| 28.7k/28.7k [00:09<00:00, 4.91k row/s][A

[2m[36m(pid=4317) [0m- ReadLeRobot: Tasks: 37; Actors: 0; Queued blocks: 0 (0.0B); Resources: 37.0 CPU, 10.0GiB object store: 100%|██████████| 28.7k/28.7k [00:09<00:00, 4.91k row/s][A


[2m[36m(pid=4317) [0m- limit=8256: Tasks: 0; Actors: 0; Queued blocks: 0 (0.0B); Resources: 0.0 CPU, 1.4GiB object store: 100%|██████████| 7.87k/7.87k [00:09<00:00, 975 row/s][A[A


[2m[36m(pid=4317) [0m- limit=8256: Tasks: 0; Actors: 0; Queued blocks: 0 (0.0B); Resources: 0.0 CPU, 1.4GiB object store:  95%|█████████▌| 7.87k/8.26k [00:09<00:00, 975 row/s][A[A


[2m[36m(pid=4317) [0m- limit=8256: Tasks: 0; Actors: 0; Queued blocks: 0 (0.0B); Resources: 0.0 CPU, 1.4GiB object store: 100%|██████████| 8.26k/8.26k [00:09<00:00, 852 row/s][A[A


[2m[36m(pid=4317) [0m- limit=8256: Tasks: 0; Actors: 0; Queued blocks: 0 (0.0B); Resources: 0.0 CPU, 1.4GiB object store: 100%|██████████| 8.26k/8.26k [00:09<00:00, 852 row/s][A[A



[2m[36m(pid=4317) [0m- Map(rename_columns)->MapBatches(transpose_images): Tasks: 11; Actors: 0; Queued blocks: 0 (0.0B); Resources: 11.0 CPU, 1.9GiB object store:   0%|          | 0.00/1.00 [00:09<?, ? row/s][A[A[A



[2m[36m(pid=4317) [0m- Map(rename_columns)->MapBatches(transpose_images): Tasks: 11; Actors: 0; Queued blocks: 0 (0.0B); Resources: 11.0 CPU, 1.9GiB object store:   0%|          | 0.00/8.03k [00:09<?, ? row/s][A[A[A



[2m[36m(pid=4317) [0m- Map(rename_columns)->MapBatches(transpose_images): Tasks: 11; Actors: 0; Queued blocks: 0 (0.0B); Resources: 11.0 CPU, 1.9GiB object store:  56%|█████▌    | 4.49k/8.03k [00:09<00:07, 492 row/s][A[A[A



[2m[36m(pid=4317) [0m- Map(rename_columns)->MapBatches(transpose_images): Tasks: 11; Actors: 0; Queued blocks: 0 (0.0B); Resources: 11.0 CPU, 1.9GiB object store:  56%|█████▌    | 4.49k/8.03k [00:09<00:07, 492 row/s][A[A[A




[2m[36m(pid=4317) [0m- split(8, equal=True): Tasks: 0; Actors: 0; Queued blocks: 6 (659.7MiB); Resources: 0.0 CPU, 0.0B object store; [all objects local]:   0%|          | 0.00/1.00 [00:09<?, ? row/s][A[A[A[A




[2m[36m(pid=4317) [0m- split(8, equal=True): Tasks: 0; Actors: 0; Queued blocks: 6 (659.7MiB); Resources: 0.0 CPU, 0.0B object store; [all objects local]:   0%|          | 0.00/8.03k [00:09<?, ? row/s][A[A[A[A




[2m[36m(pid=4317) [0m- split(8, equal=True): Tasks: 0; Actors: 0; Queued blocks: 6 (659.7MiB); Resources: 0.0 CPU, 0.0B object store; [all objects local]:  34%|███▍      | 2.74k/8.03k [00:09<00:17, 299 row/s][A[A[A[A




[2m[36m(pid=4317) [0m- split(8, equal=True): Tasks: 0; Actors: 0; Queued blocks: 6 (659.7MiB); Resources: 0.0 CPU, 0.0B object store; [all objects local]:  34%|███▍      | 2.74k/8.03k [00:09<00:17, 299 row/s][A[A[A[A
[2m[36m(pid=4317) [0mRunning Dataset: train_4_0. Active & requested resources: 41/136 CPU, 13.1GiB/81.5GiB object store:  32%|███▏      | 2.74k/8.55k [00:10<00:19, 299 row/s]
[2m[36m(pid=4317) [0mRunning Dataset: train_4_0. Active & requested resources: 41/136 CPU, 13.1GiB/81.5GiB object store:  34%|███▎      | 2.74k/8.12k [00:10<00:17, 299 row/s]
[2m[36m(pid=4317) [0mRunning Dataset: train_4_0. Active & requested resources: 41/136 CPU, 13.1GiB/81.5GiB object store:  64%|██████▍   | 5.18k/8.12k [00:10<00:05, 587 row/s]
[2m[36m(pid=4317) [0mRunning Dataset: train_4_0. Active & requested resources: 41/136 CPU, 13.1GiB/81.5GiB object store:  64%|██████▍   | 5.18k/8.12k [00:10<00:05, 587 row/s]

[2m[36m(pid=4317) [0m- ReadLeRobot: Tasks: 37; Actors: 0; Queued blocks: 0 (0.0B); Resources: 37.0 CPU, 10.5GiB object store: 100%|██████████| 28.7k/28.7k [00:10<00:00, 4.91k row/s][A

[2m[36m(pid=4317) [0m- ReadLeRobot: Tasks: 37; Actors: 0; Queued blocks: 0 (0.0B); Resources: 37.0 CPU, 10.5GiB object store:  75%|███████▌  | 28.7k/38.3k [00:10<00:01, 4.91k row/s][A

[2m[36m(pid=4317) [0m- ReadLeRobot: Tasks: 37; Actors: 0; Queued blocks: 0 (0.0B); Resources: 37.0 CPU, 10.5GiB object store: 100%|██████████| 38.3k/38.3k [00:10<00:00, 5.92k row/s][A

[2m[36m(pid=4317) [0m- ReadLeRobot: Tasks: 37; Actors: 0; Queued blocks: 0 (0.0B); Resources: 37.0 CPU, 10.5GiB object store: 100%|██████████| 38.3k/38.3k [00:10<00:00, 5.92k row/s][A


[2m[36m(pid=4317) [0m- limit=8256: Tasks: 0; Actors: 0; Queued blocks: 0 (0.0B); Resources: 0.0 CPU, 513.3MiB object store: 100%|██████████| 8.26k/8.26k [00:10<00:00, 852 row/s][A[A


[2m[36m(pid=4317) [0m- limit=8256: Tasks: 0; Actors: 0; Queued blocks: 0 (0.0B); Resources: 0.0 CPU, 513.3MiB object store: 100%|██████████| 8.26k/8.26k [00:10<00:00, 852 row/s][A[A



[2m[36m(pid=4317) [0m- Map(rename_columns)->MapBatches(transpose_images): Tasks: 4; Actors: 0; Queued blocks: 0 (0.0B); Resources: 4.0 CPU, 1005.6MiB object store:  56%|█████▌    | 4.49k/8.03k [00:10<00:07, 492 row/s][A[A[A



[2m[36m(pid=4317) [0m- Map(rename_columns)->MapBatches(transpose_images): Tasks: 4; Actors: 0; Queued blocks: 0 (0.0B); Resources: 4.0 CPU, 1005.6MiB object store:  55%|█████▍    | 4.49k/8.20k [00:10<00:07, 492 row/s][A[A[A



[2m[36m(pid=4317) [0m- Map(rename_columns)->MapBatches(transpose_images): Tasks: 4; Actors: 0; Queued blocks: 0 (0.0B); Resources: 4.0 CPU, 1005.6MiB object store:  84%|████████▍ | 6.89k/8.20k [00:10<00:01, 746 row/s][A[A[A



[2m[36m(pid=4317) [0m- Map(rename_columns)->MapBatches(transpose_images): Tasks: 4; Actors: 0; Queued blocks: 0 (0.0B); Resources: 4.0 CPU, 1005.6MiB object store:  84%|████████▍ | 6.89k/8.20k [00:10<00:01, 746 row/s][A[A[A




[2m[36m(pid=4317) [0m- split(8, equal=True): Tasks: 0; Actors: 0; Queued blocks: 4 (513.3MiB); Resources: 0.0 CPU, 1.1GiB object store; [all objects local]:  34%|███▍      | 2.74k/8.03k [00:10<00:17, 299 row/s][A[A[A[A




[2m[36m(pid=4317) [0m- split(8, equal=True): Tasks: 0; Actors: 0; Queued blocks: 4 (513.3MiB); Resources: 0.0 CPU, 1.1GiB object store; [all objects local]:  33%|███▎      | 2.74k/8.20k [00:10<00:18, 299 row/s][A[A[A[A




[2m[36m(pid=4317) [0m- split(8, equal=True): Tasks: 0; Actors: 0; Queued blocks: 4 (513.3MiB); Resources: 0.0 CPU, 1.1GiB object store; [all objects local]:  63%|██████▎   | 5.18k/8.20k [00:10<00:05, 587 row/s][A[A[A[A




[2m[36m(pid=4317) [0m- split(8, equal=True): Tasks: 0; Actors: 0; Queued blocks: 4 (513.3MiB); Resources: 0.0 CPU, 1.1GiB object store; [all objects local]:  63%|██████▎   | 5.18k/8.20k [00:10<00:05, 587 row/s][A[A[A[A
                                                                                                                                                                    

                                                                                                                                                                           
[A


                                                                                                                                                                       
[A[A



                                                                                                                                                                                                               
[A[A[A




                                                                                                                                                                                                        
[A[A[A[A[36m(SplitCoordinator pid=4317)[0m ✔️  Dataset train_4_0 execution finished in 10.95 seconds

[2m[36m(pid=4317) [0mRunning Dataset: train_4_0. Active & requested resources: 41/136 CPU, 13.1GiB/81.5GiB object store:  64%|██████▍   | 5.18k/8.12k [00:10<00:05, 587 row/s]

[2m[36m(pid=4317) [0m- ReadLeRobot: Tasks: 37; Actors: 0; Queued blocks: 0 (0.0B); Resources: 37.0 CPU, 10.5GiB object store: 100%|██████████| 38.3k/38.3k [00:10<00:00, 5.92k row/s][A


[2m[36m(pid=4317) [0m- limit=8256: Tasks: 0; Actors: 0; Queued blocks: 0 (0.0B); Resources: 0.0 CPU, 513.3MiB object store: 100%|██████████| 8.26k/8.26k [00:10<00:00, 852 row/s][A[A



[2m[36m(pid=4317) [0m- Map(rename_columns)->MapBatches(transpose_images): Tasks: 4; Actors: 0; Queued blocks: 0 (0.0B); Resources: 4.0 CPU, 1005.6MiB object store:  84%|████████▍ | 6.89k/8.20k [00:10<00:01, 746 row/s][A[A[A




[2m[36m(pid=4317) [0m- split(8, equal=True): Tasks: 0; Actors: 0; Queued blocks: 4 (513.3MiB); Resources: 0.0 CPU, 1.1GiB object store; [all objects local]:  63%|██████▎   | 5.18k/8.20k [00:10<00:05, 587 row/s][A[A[A[A
                                                                                                                                                                    

                                                                                                                                                                           
[A


                                                                                                                                                                       
[A[A



                                                                                                                                                                                                               
[A[A[A




                                                                                                                                                                                                        
[A[A[A[A[36m(RayTrainWorker pid=2080, ip=10.4.4.82)[0m Enabled gradient checkpointing for PI05Pytorch model[32m [repeated 7x across cluster][0m

[2m[36m(pid=4317) [0mRunning Dataset: train_4_0. Active & requested resources: 41/136 CPU, 13.1GiB/81.5GiB object store:  64%|██████▍   | 5.18k/8.12k [00:10<00:05, 587 row/s]

[2m[36m(pid=4317) [0m- ReadLeRobot: Tasks: 37; Actors: 0; Queued blocks: 0 (0.0B); Resources: 37.0 CPU, 10.5GiB object store: 100%|██████████| 38.3k/38.3k [00:10<00:00, 5.92k row/s][A


[2m[36m(pid=4317) [0m- limit=8256: Tasks: 0; Actors: 0; Queued blocks: 0 (0.0B); Resources: 0.0 CPU, 513.3MiB object store: 100%|██████████| 8.26k/8.26k [00:10<00:00, 852 row/s][A[A



[2m[36m(pid=4317) [0m- Map(rename_columns)->MapBatches(transpose_images): Tasks: 4; Actors: 0; Queued blocks: 0 (0.0B); Resources: 4.0 CPU, 1005.6MiB object store:  84%|████████▍ | 6.89k/8.20k [00:10<00:01, 746 row/s][A[A[A




[2m[36m(pid=4317) [0m- split(8, equal=True): Tasks: 0; Actors: 0; Queued blocks: 4 (513.3MiB); Resources: 0.0 CPU, 1.1GiB object store; [all objects local]:  63%|██████▎   | 5.18k/8.20k [00:10<00:05, 587 row/s][A[A[A[A
                                                                                                                                                                    

                                                                                                                                                                           
[A


                                                                                                                                                                       
[A[A



                                                                                                                                                                                                               
[A[A[A




                                                                                                                                                                                                        
[A[A[A[A[36m(RayTrainWorker pid=2080, ip=10.4.4.82)[0m Loading model from: /tmp/lerobot/pi05_libero_finetuned[32m [repeated 7x across cluster][0m

[2m[36m(pid=4317) [0mRunning Dataset: train_4_0. Active & requested resources: 41/136 CPU, 13.1GiB/81.5GiB object store:  64%|██████▍   | 5.18k/8.12k [00:10<00:05, 587 row/s]

[2m[36m(pid=4317) [0m- ReadLeRobot: Tasks: 37; Actors: 0; Queued blocks: 0 (0.0B); Resources: 37.0 CPU, 10.5GiB object store: 100%|██████████| 38.3k/38.3k [00:10<00:00, 5.92k row/s][A


[2m[36m(pid=4317) [0m- limit=8256: Tasks: 0; Actors: 0; Queued blocks: 0 (0.0B); Resources: 0.0 CPU, 513.3MiB object store: 100%|██████████| 8.26k/8.26k [00:10<00:00, 852 row/s][A[A



[2m[36m(pid=4317) [0m- Map(rename_columns)->MapBatches(transpose_images): Tasks: 4; Actors: 0; Queued blocks: 0 (0.0B); Resources: 4.0 CPU, 1005.6MiB object store:  84%|████████▍ | 6.89k/8.20k [00:10<00:01, 746 row/s][A[A[A




[2m[36m(pid=4317) [0m- split(8, equal=True): Tasks: 0; Actors: 0; Queued blocks: 4 (513.3MiB); Resources: 0.0 CPU, 1.1GiB object store; [all objects local]:  63%|██████▎   | 5.18k/8.20k [00:10<00:05, 587 row/s][A[A[A[A
                                                                                                                                                                    

                                                                                                                                                                           
[A


                                                                                                                                                                       
[A[A



                                                                                                                                                                                                               
[A[A[A




                                                                                                                                                                                                        
[A[A[A[A[36m(RayTrainWorker pid=2080, ip=10.4.4.82)[0m ✓ Loaded state dict from model.safetensors[32m [repeated 7x across cluster][0m

[2m[36m(pid=4317) [0mRunning Dataset: train_4_0. Active & requested resources: 41/136 CPU, 13.1GiB/81.5GiB object store:  64%|██████▍   | 5.18k/8.12k [00:10<00:05, 587 row/s]

[2m[36m(pid=4317) [0m- ReadLeRobot: Tasks: 37; Actors: 0; Queued blocks: 0 (0.0B); Resources: 37.0 CPU, 10.5GiB object store: 100%|██████████| 38.3k/38.3k [00:10<00:00, 5.92k row/s][A


[2m[36m(pid=4317) [0m- limit=8256: Tasks: 0; Actors: 0; Queued blocks: 0 (0.0B); Resources: 0.0 CPU, 513.3MiB object store: 100%|██████████| 8.26k/8.26k [00:10<00:00, 852 row/s][A[A



[2m[36m(pid=4317) [0m- Map(rename_columns)->MapBatches(transpose_images): Tasks: 4; Actors: 0; Queued blocks: 0 (0.0B); Resources: 4.0 CPU, 1005.6MiB object store:  84%|████████▍ | 6.89k/8.20k [00:10<00:01, 746 row/s][A[A[A




[2m[36m(pid=4317) [0m- split(8, equal=True): Tasks: 0; Actors: 0; Queued blocks: 4 (513.3MiB); Resources: 0.0 CPU, 1.1GiB object store; [all objects local]:  63%|██████▎   | 5.18k/8.20k [00:10<00:05, 587 row/s][A[A[A[A
[2m[36m(pid=4317) [0m✔️  Dataset train_4_0 execution finished in 10.95 seconds:  64%|██████▍   | 5.18k/8.12k [00:10<00:05, 587 row/s]                                         
[2m[36m(pid=4317) [0m✔️  Dataset train_4_0 execution finished in 10.95 seconds:  63%|██████▎   | 5.18k/8.26k [00:10<00:05, 587 row/s]
[2m[36m(pid=4317) [0m✔️  Dataset train_4_0 execution finished in 10.95 seconds: 100%|██████████| 8.26k/8.26k [00:10<00:00, 1.04k row/s]
[2m[36m(pid=4317) [0m✔️  Dataset train_4_0 execution finished in 10.95 seconds: 100%|██████████| 8.26k/8.26k [00:10<00:00, 1.04k row/s]
                                                                                                                             

                                                                                                                                                                           
[A


                                                                                                                                                                       
[A[A



                                                                                                                                                                                                               
[A[A[A




                                                                                                                                                                                                        
[A[A[A[A
[2m[36m(pid=4317) [0m✔️  Dataset train_4_0 execution finished in 10.95 seconds: 100%|██████████| 8.26k/8.26k [00:10<00:00, 758 row/s]


[2m[36m(pid=4317) [0m- ReadLeRobot: Tasks: 37; Actors: 0; Queued blocks: 0 (0.0B); Resources: 37.0 CPU, 10.5GiB object store: 100%|██████████| 38.3k/38.3k [00:10<00:00, 5.92k row/s][A


[2m[36m(pid=4317) [0m- limit=8256: Tasks: 0; Actors: 0; Queued blocks: 0 (0.0B); Resources: 0.0 CPU, 513.3MiB object store: 100%|██████████| 8.26k/8.26k [00:10<00:00, 852 row/s][A[A



[2m[36m(pid=4317) [0m- Map(rename_columns)->MapBatches(transpose_images): Tasks: 4; Actors: 0; Queued blocks: 0 (0.0B); Resources: 4.0 CPU, 1005.6MiB object store:  84%|████████▍ | 6.89k/8.20k [00:10<00:01, 746 row/s][A[A[A




[2m[36m(pid=4317) [0m- split(8, equal=True): Tasks: 0; Actors: 0; Queued blocks: 4 (513.3MiB); Resources: 0.0 CPU, 1.1GiB object store; [all objects local]:  63%|██████▎   | 5.18k/8.20k [00:10<00:05, 587 row/s][A[A[A[A

[2m[36m(pid=4317) [0m- ReadLeRobot: Tasks: 36; Actors: 0; Queued blocks: 0 (0.0B); Resources: 36.0 CPU, 10.3GiB object store: 100%|██████████| 38.3k/38.3k [00:10<00:00, 5.92k row/s][A

[2m[36m(pid=4317) [0m- ReadLeRobot: Tasks: 36; Actors: 0; Queued blocks: 0 (0.0B); Resources: 36.0 CPU, 10.3GiB object store:  67%|██████▋   | 38.3k/57.2k [00:10<00:03, 5.92k row/s][A

[2m[36m(pid=4317) [0m- ReadLeRobot: Tasks: 36; Actors: 0; Queued blocks: 0 (0.0B); Resources: 36.0 CPU, 10.3GiB object store: 100%|██████████| 57.2k/57.2k [00:10<00:00, 9.69k row/s][A

[2m[36m(pid=4317) [0m- ReadLeRobot: Tasks: 36; Actors: 0; Queued blocks: 0 (0.0B); Resources: 36.0 CPU, 10.3GiB object store: 100%|██████████| 57.2k/57.2k [00:10<00:00, 9.69k row/s][A

                                                                                                                                                                           
[A


                                                                                                                                                                       
[A[A



                                                                                                                                                                                                               
[A[A[A




                                                                                                                                                                                                        
[A[A[A[A
[2m[36m(pid=4317) [0m- ReadLeRobot: Tasks: 36; Actors: 0; Queued blocks: 0 (0.0B); Resources: 36.0 CPU, 10.3GiB object store: 100%|██████████| 57.2k/57.2k [00:10<00:00, 5.25k row/s]



[2m[36m(pid=4317) [0m- limit=8256: Tasks: 0; Actors: 0; Queued blocks: 0 (0.0B); Resources: 0.0 CPU, 513.3MiB object store: 100%|██████████| 8.26k/8.26k [00:10<00:00, 852 row/s][A[A



[2m[36m(pid=4317) [0m- Map(rename_columns)->MapBatches(transpose_images): Tasks: 4; Actors: 0; Queued blocks: 0 (0.0B); Resources: 4.0 CPU, 1005.6MiB object store:  84%|████████▍ | 6.89k/8.20k [00:10<00:01, 746 row/s][A[A[A




[2m[36m(pid=4317) [0m- split(8, equal=True): Tasks: 0; Actors: 0; Queued blocks: 4 (513.3MiB); Resources: 0.0 CPU, 1.1GiB object store; [all objects local]:  63%|██████▎   | 5.18k/8.20k [00:10<00:05, 587 row/s][A[A[A[A


[2m[36m(pid=4317) [0m- limit=8256: Tasks: 0; Actors: 0; Queued blocks: 0 (0.0B); Resources: 0.0 CPU, 0.0B object store: 100%|██████████| 8.26k/8.26k [00:10<00:00, 852 row/s]    [A[A


[2m[36m(pid=4317) [0m- limit=8256: Tasks: 0; Actors: 0; Queued blocks: 0 (0.0B); Resources: 0.0 CPU, 0.0B object store: 100%|██████████| 8.26k/8.26k [00:10<00:00, 852 row/s][A[A


                                                                                                                                                                   
[A[A



                                                                                                                                                                                                               
[A[A[A




                                                                                                                                                                                                        
[A[A[A[A
[2m[36m(pid=4317) [0m- limit=8256: Tasks: 0; Actors: 0; Queued blocks: 0 (0.0B); Resources: 0.0 CPU, 0.0B object store: 100%|██████████| 8.26k/8.26k [00:10<00:00, 758 row/s]




[2m[36m(pid=4317) [0m- Map(rename_columns)->MapBatches(transpose_images): Tasks: 4; Actors: 0; Queued blocks: 0 (0.0B); Resources: 4.0 CPU, 1005.6MiB object store:  84%|████████▍ | 6.89k/8.20k [00:10<00:01, 746 row/s][A[A[A




[2m[36m(pid=4317) [0m- split(8, equal=True): Tasks: 0; Actors: 0; Queued blocks: 4 (513.3MiB); Resources: 0.0 CPU, 1.1GiB object store; [all objects local]:  63%|██████▎   | 5.18k/8.20k [00:10<00:05, 587 row/s][A[A[A[A



[2m[36m(pid=4317) [0m- Map(rename_columns)->MapBatches(transpose_images): Tasks: 0; Actors: 0; Queued blocks: 0 (0.0B); Resources: 0.0 CPU, 0.0B object store:  84%|████████▍ | 6.89k/8.20k [00:10<00:01, 746 row/s]     [A[A[A



[2m[36m(pid=4317) [0m- Map(rename_columns)->MapBatches(transpose_images): Tasks: 0; Actors: 0; Queued blocks: 0 (0.0B); Resources: 0.0 CPU, 0.0B object store:  83%|████████▎ | 6.89k/8.26k [00:10<00:01, 746 row/s][A[A[A



[2m[36m(pid=4317) [0m- Map(rename_columns)->MapBatches(transpose_images): Tasks: 0; Actors: 0; Queued blocks: 0 (0.0B); Resources: 0.0 CPU, 0.0B object store: 100%|██████████| 8.26k/8.26k [00:10<00:00, 886 row/s][A[A[A



[2m[36m(pid=4317) [0m- Map(rename_columns)->MapBatches(transpose_images): Tasks: 0; Actors: 0; Queued blocks: 0 (0.0B); Resources: 0.0 CPU, 0.0B object store: 100%|██████████| 8.26k/8.26k [00:10<00:00, 886 row/s][A[A[A



                                                                                                                                                                                                          
[A[A[A




                                                                                                                                                                                                        
[A[A[A[A
[2m[36m(pid=4317) [0m- Map(rename_columns)->MapBatches(transpose_images): Tasks: 0; Actors: 0; Queued blocks: 0 (0.0B); Resources: 0.0 CPU, 0.0B object store: 100%|██████████| 8.26k/8.26k [00:10<00:00, 758 row/s]





[2m[36m(pid=4317) [0m- split(8, equal=True): Tasks: 0; Actors: 0; Queued blocks: 4 (513.3MiB); Resources: 0.0 CPU, 1.1GiB object store; [all objects local]:  63%|██████▎   | 5.18k/8.20k [00:10<00:05, 587 row/s][A[A[A[A




[2m[36m(pid=4317) [0m- split(8, equal=True): Tasks: 0; Actors: 0; Queued blocks: 0 (0.0B); Resources: 0.0 CPU, 2.0GiB object store; [all objects local]:  63%|██████▎   | 5.18k/8.20k [00:10<00:05, 587 row/s]    [A[A[A[A




[2m[36m(pid=4317) [0m- split(8, equal=True): Tasks: 0; Actors: 0; Queued blocks: 0 (0.0B); Resources: 0.0 CPU, 2.0GiB object store; [all objects local]:  63%|██████▎   | 5.18k/8.26k [00:10<00:05, 587 row/s][A[A[A[A




[2m[36m(pid=4317) [0m- split(8, equal=True): Tasks: 0; Actors: 0; Queued blocks: 0 (0.0B); Resources: 0.0 CPU, 2.0GiB object store; [all objects local]: 100%|██████████| 8.26k/8.26k [00:10<00:00, 1.03k row/s][A[A[A[A




[2m[36m(pid=4317) [0m- split(8, equal=True): Tasks: 0; Actors: 0; Queued blocks: 0 (0.0B); Resources: 0.0 CPU, 2.0GiB object store; [all objects local]: 100%|██████████| 8.26k/8.26k [00:10<00:00, 1.03k row/s][A[A[A[A




                                                                                                                                                                                                      
[A[A[A[A
[2m[36m(pid=4317) [0m- split(8, equal=True): Tasks: 0; Actors: 0; Queued blocks: 0 (0.0B); Resources: 0.0 CPU, 2.0GiB object store; [all objects local]: 100%|██████████| 8.26k/8.26k [00:10<00:00, 758 row/s]
[36m(RayTrainWorker pid=2085, ip=10.4.4.82)[0m /home/ray/anaconda3/lib/python3.11/site-packages/lerobot/policies/pi05/modeling_pi05.py:777: UserWarning: Using a target size (torch.Size([1, 1, 32])) that is different to the input size (torch.Size([1, 32])). This will likely lead to incorrect results due to broadcasting. Please ensure they have the same size.
[36m(RayTrainWorker pid=2085, ip=10.4.4.82)[0m   return F.mse_loss(u_t, v_t, reduction="none")
[36m(RayTrainWorker pid=2085, ip=10.4.4.82)[0m epoch=0  step=10  loss=1.7221  lr=0.00e+00  gpu_peak=8.9 GB
[36m(RayTrainWorker pid=2079, ip=10.4.4.82)[0m /home/ray/anaconda3/lib/python3.11/site-packages/lerobot/policies/pi05/modeling_pi05.py:777: UserWarning: Using a target size (torch.Size([1, 1, 32])) that is different to the input size (torch.Size([1, 32])). This will likely lead to incorrect results due to broadcasting. Please ensure they have the same size.[32m [repeated 7x across cluster][0m
[36m(RayTrainWorker pid=2079, ip=10.4.4.82)[0m   return F.mse_loss(u_t, v_t, reduction="none")[32m [repeated 7x across cluster][0m
[36m(RayTrainWorker pid=2085, ip=10.4.4.82)[0m epoch=0  step=20  loss=1.8879  lr=8.33e-06  gpu_peak=8.9 GB
[36m(RayTrainWorker pid=2085, ip=10.4.4.82)[0m epoch=0  step=30  loss=2.6661  lr=8.33e-06  gpu_peak=8.9 GB
[36m(RayTrainWorker pid=2085, ip=10.4.4.82)[0m epoch=0  step=40  loss=4.6188  lr=1.67e-05  gpu_peak=8.9 GB
[36m(RayTrainWorker pid=2085, ip=10.4.4.82)[0m epoch=0  step=50  loss=2.4154  lr=2.50e-05  gpu_peak=8.9 GB
[36m(RayTrainWorker pid=2085, ip=10.4.4.82)[0m epoch=0  step=60  loss=3.3866  lr=2.50e-05  gpu_peak=8.9 GB
[36m(RayTrainWorker pid=2085, ip=10.4.4.82)[0m epoch=0  step=70  loss=0.2998  lr=3.33e-05  gpu_peak=8.9 GB
[36m(RayTrainWorker pid=2085, ip=10.4.4.82)[0m epoch=0  step=80  loss=0.3183  lr=4.17e-05  gpu_peak=8.9 GB
[36m(RayTrainWorker pid=2085, ip=10.4.4.82)[0m epoch=0  step=90  loss=1.0342  lr=4.17e-05  gpu_peak=8.9 GB
[36m(RayTrainWorker pid=2085, ip=10.4.4.82)[0m epoch=0  step=100  loss=0.8293  lr=5.00e-05  gpu_peak=8.9 GB
[36m(RayTrainWorker pid=2085, ip=10.4.4.82)[0m epoch=0  step=110  loss=3.5477  lr=5.00e-05  gpu_peak=8.9 GB
[36m(RayTrainWorker pid=2085, ip=10.4.4.82)[0m epoch=0  step=120  loss=0.8074  lr=5.00e-05  gpu_peak=8.9 GB
[36m(RayTrainWorker pid=2085, ip=10.4.4.82)[0m epoch=0  step=130  loss=1.0657  lr=4.98e-05  gpu_peak=8.9 GB
[36m(RayTrainWorker pid=2085, ip=10.4.4.82)[0m epoch=0  step=140  loss=0.5756  lr=4.98e-05  gpu_peak=8.9 GB
[36m(RayTrainWorker pid=2085, ip=10.4.4.82)[0m epoch=0  step=150  loss=2.3344  lr=4.96e-05  gpu_peak=8.9 GB
[36m(RayTrainWorker pid=2085, ip=10.4.4.82)[0m epoch=0  step=160  loss=1.1641  lr=4.94e-05  gpu_peak=8.9 GB
[36m(RayTrainWorker pid=2085, ip=10.4.4.82)[0m epoch=0  step=170  loss=0.6458  lr=4.94e-05  gpu_peak=8.9 GB
[36m(RayTrainWorker pid=2085, ip=10.4.4.82)[0m epoch=0  step=180  loss=1.2590  lr=4.90e-05  gpu_peak=8.9 GB
[36m(RayTrainWorker pid=2085, ip=10.4.4.82)[0m epoch=0  step=190  loss=0.1249  lr=4.90e-05  gpu_peak=8.9 GB
[36m(RayTrainWorker pid=2085, ip=10.4.4.82)[0m epoch=0  step=200  loss=0.5146  lr=4.86e-05  gpu_peak=8.9 GB
[36m(RayTrainWorker pid=2085, ip=10.4.4.82)[0m epoch=0  step=210  loss=0.1487  lr=4.81e-05  gpu_peak=8.9 GB
[36m(RayTrainWorker pid=2085, ip=10.4.4.82)[0m epoch=0  step=220  loss=1.4452  lr=4.81e-05  gpu_peak=8.9 GB
[36m(RayTrainWorker pid=2085, ip=10.4.4.82)[0m epoch=0  step=230  loss=1.2320  lr=4.75e-05  gpu_peak=8.9 GB
[36m(RayTrainWorker pid=2085, ip=10.4.4.82)[0m epoch=0  step=240  loss=1.5906  lr=4.69e-05  gpu_peak=8.9 GB
[36m(RayTrainWorker pid=2085, ip=10.4.4.82)[0m epoch=0  step=250  loss=1.2222  lr=4.69e-05  gpu_peak=8.9 GB
[36m(RayTrainWorker pid=2085, ip=10.4.4.82)[0m epoch=0  step=260  loss=1.3316  lr=4.62e-05  gpu_peak=8.9 GB
[36m(RayTrainWorker pid=2085, ip=10.4.4.82)[0m epoch=0  step=270  loss=0.7078  lr=4.62e-05  gpu_peak=8.9 GB
[36m(RayTrainWorker pid=2085, ip=10.4.4.82)[0m epoch=0  step=280  loss=0.5932  lr=4.54e-05  gpu_peak=8.9 GB
[36m(RayTrainWorker pid=2085, ip=10.4.4.82)[0m epoch=0  step=290  loss=1.5862  lr=4.45e-05  gpu_peak=8.9 GB
[36m(RayTrainWorker pid=2085, ip=10.4.4.82)[0m epoch=0  step=300  loss=1.0553  lr=4.45e-05  gpu_peak=8.9 GB
[36m(RayTrainWorker pid=2085, ip=10.4.4.82)[0m epoch=0  step=310  loss=0.8001  lr=4.36e-05  gpu_peak=8.9 GB
[36m(RayTrainWorker pid=2085, ip=10.4.4.82)[0m epoch=0  step=320  loss=0.1795  lr=4.27e-05  gpu_peak=8.9 GB
[36m(RayTrainWorker pid=2085, ip=10.4.4.82)[0m epoch=0  step=330  loss=0.8359  lr=4.27e-05  gpu_peak=8.9 GB
[36m(RayTrainWorker pid=2085, ip=10.4.4.82)[0m epoch=0  step=340  loss=1.0530  lr=4.17e-05  gpu_peak=8.9 GB
[36m(RayTrainWorker pid=2085, ip=10.4.4.82)[0m epoch=0  step=350  loss=1.2521  lr=4.17e-05  gpu_peak=8.9 GB
[36m(RayTrainWorker pid=2085, ip=10.4.4.82)[0m epoch=0  step=360  loss=0.2831  lr=4.06e-05  gpu_peak=8.9 GB
[36m(RayTrainWorker pid=2085, ip=10.4.4.82)[0m epoch=0  step=370  loss=0.2080  lr=3.95e-05  gpu_peak=8.9 GB
[36m(RayTrainWorker pid=2085, ip=10.4.4.82)[0m epoch=0  step=380  loss=0.5416  lr=3.95e-05  gpu_peak=8.9 GB
[36m(RayTrainWorker pid=2085, ip=10.4.4.82)[0m epoch=0  step=390  loss=0.2894  lr=3.83e-05  gpu_peak=8.9 GB
[36m(RayTrainWorker pid=2085, ip=10.4.4.82)[0m epoch=0  step=400  loss=0.6700  lr=3.71e-05  gpu_peak=8.9 GB
[36m(RayTrainWorker pid=2085, ip=10.4.4.82)[0m epoch=0  step=410  loss=0.9339  lr=3.71e-05  gpu_peak=8.9 GB
[36m(RayTrainWorker pid=2085, ip=10.4.4.82)[0m epoch=0  step=420  loss=0.1052  lr=3.58e-05  gpu_peak=8.9 GB
[36m(RayTrainWorker pid=2085, ip=10.4.4.82)[0m epoch=0  step=430  loss=0.4843  lr=3.58e-05  gpu_peak=8.9 GB
[36m(RayTrainWorker pid=2085, ip=10.4.4.82)[0m epoch=0  step=440  loss=0.9926  lr=3.46e-05  gpu_peak=8.9 GB
[36m(RayTrainWorker pid=2085, ip=10.4.4.82)[0m epoch=0  step=450  loss=0.7245  lr=3.33e-05  gpu_peak=8.9 GB
[36m(RayTrainWorker pid=2085, ip=10.4.4.82)[0m epoch=0  step=460  loss=0.4449  lr=3.33e-05  gpu_peak=8.9 GB
[36m(RayTrainWorker pid=2085, ip=10.4.4.82)[0m epoch=0  step=470  loss=0.4372  lr=3.19e-05  gpu_peak=8.9 GB
[36m(RayTrainWorker pid=2085, ip=10.4.4.82)[0m epoch=0  step=480  loss=0.1661  lr=3.06e-05  gpu_peak=8.9 GB
[36m(RayTrainWorker pid=2085, ip=10.4.4.82)[0m epoch=0  step=490  loss=0.4074  lr=3.06e-05  gpu_peak=8.9 GB
[36m(RayTrainWorker pid=2085, ip=10.4.4.82)[0m epoch=0  step=500  loss=0.5882  lr=2.92e-05  gpu_peak=8.9 GB
[36m(RayTrainWorker pid=2085, ip=10.4.4.82)[0m epoch=0  step=510  loss=0.1559  lr=2.92e-05  gpu_peak=8.9 GB
[36m(RayTrainWorker pid=2085, ip=10.4.4.82)[0m epoch=0  step=520  loss=0.7318  lr=2.78e-05  gpu_peak=8.9 GB
[36m(RayTrainWorker pid=2085, ip=10.4.4.82)[0m epoch=0  step=530  loss=1.8455  lr=2.64e-05  gpu_peak=8.9 GB
[36m(RayTrainWorker pid=2085, ip=10.4.4.82)[0m epoch=0  step=540  loss=0.4576  lr=2.64e-05  gpu_peak=8.9 GB
[36m(RayTrainWorker pid=2085, ip=10.4.4.82)[0m epoch=0  step=550  loss=0.4985  lr=2.50e-05  gpu_peak=8.9 GB
[36m(RayTrainWorker pid=2085, ip=10.4.4.82)[0m epoch=0  step=560  loss=0.2794  lr=2.36e-05  gpu_peak=8.9 GB
[36m(RayTrainWorker pid=2085, ip=10.4.4.82)[0m epoch=0  step=570  loss=0.0709  lr=2.36e-05  gpu_peak=8.9 GB
[36m(RayTrainWorker pid=2085, ip=10.4.4.82)[0m epoch=0  step=580  loss=0.6876  lr=2.22e-05  gpu_peak=8.9 GB
[36m(RayTrainWorker pid=2085, ip=10.4.4.82)[0m epoch=0  step=590  loss=0.9255  lr=2.22e-05  gpu_peak=8.9 GB
[36m(RayTrainWorker pid=2085, ip=10.4.4.82)[0m epoch=0  step=600  loss=1.7190  lr=2.08e-05  gpu_peak=8.9 GB
[36m(RayTrainWorker pid=2085, ip=10.4.4.82)[0m epoch=0  step=610  loss=0.2616  lr=1.94e-05  gpu_peak=8.9 GB
[36m(RayTrainWorker pid=2085, ip=10.4.4.82)[0m epoch=0  step=620  loss=0.2326  lr=1.94e-05  gpu_peak=8.9 GB
[36m(RayTrainWorker pid=2085, ip=10.4.4.82)[0m epoch=0  step=630  loss=0.3052  lr=1.81e-05  gpu_peak=8.9 GB
[36m(RayTrainWorker pid=2085, ip=10.4.4.82)[0m epoch=0  step=640  loss=0.3081  lr=1.67e-05  gpu_peak=8.9 GB
[36m(RayTrainWorker pid=2085, ip=10.4.4.82)[0m epoch=0  step=650  loss=2.5381  lr=1.67e-05  gpu_peak=8.9 GB
[36m(RayTrainWorker pid=2085, ip=10.4.4.82)[0m epoch=0  step=660  loss=0.4905  lr=1.54e-05  gpu_peak=8.9 GB
[36m(RayTrainWorker pid=2085, ip=10.4.4.82)[0m epoch=0  step=670  loss=0.5729  lr=1.54e-05  gpu_peak=8.9 GB
[36m(RayTrainWorker pid=2085, ip=10.4.4.82)[0m epoch=0  step=680  loss=0.1197  lr=1.42e-05  gpu_peak=8.9 GB
[36m(RayTrainWorker pid=2085, ip=10.4.4.82)[0m epoch=0  step=690  loss=1.4562  lr=1.29e-05  gpu_peak=8.9 GB
[36m(RayTrainWorker pid=2085, ip=10.4.4.82)[0m epoch=0  step=700  loss=0.9298  lr=1.29e-05  gpu_peak=8.9 GB
[36m(RayTrainWorker pid=2085, ip=10.4.4.82)[0m epoch=0  step=710  loss=0.3752  lr=1.17e-05  gpu_peak=8.9 GB
[36m(RayTrainWorker pid=2085, ip=10.4.4.82)[0m epoch=0  step=720  loss=1.3182  lr=1.05e-05  gpu_peak=8.9 GB
[36m(RayTrainWorker pid=2085, ip=10.4.4.82)[0m epoch=0  step=730  loss=0.7173  lr=1.05e-05  gpu_peak=8.9 GB
[36m(RayTrainWorker pid=2085, ip=10.4.4.82)[0m epoch=0  step=740  loss=1.2542  lr=9.41e-06  gpu_peak=8.9 GB
[36m(RayTrainWorker pid=2085, ip=10.4.4.82)[0m epoch=0  step=750  loss=0.0839  lr=9.41e-06  gpu_peak=8.9 GB
[36m(RayTrainWorker pid=2085, ip=10.4.4.82)[0m epoch=0  step=760  loss=0.2640  lr=8.34e-06  gpu_peak=8.9 GB
[36m(RayTrainWorker pid=2085, ip=10.4.4.82)[0m epoch=0  step=770  loss=0.7022  lr=7.32e-06  gpu_peak=8.9 GB
[36m(RayTrainWorker pid=2085, ip=10.4.4.82)[0m epoch=0  step=780  loss=0.4159  lr=7.32e-06  gpu_peak=8.9 GB
[36m(RayTrainWorker pid=2085, ip=10.4.4.82)[0m epoch=0  step=790  loss=0.9362  lr=6.36e-06  gpu_peak=8.9 GB
[36m(RayTrainWorker pid=2085, ip=10.4.4.82)[0m epoch=0  step=800  loss=0.5040  lr=5.45e-06  gpu_peak=8.9 GB
[36m(RayTrainWorker pid=2085, ip=10.4.4.82)[0m epoch=0  step=810  loss=0.4570  lr=5.45e-06  gpu_peak=8.9 GB
[36m(RayTrainWorker pid=2085, ip=10.4.4.82)[0m epoch=0  step=820  loss=0.1975  lr=4.61e-06  gpu_peak=8.9 GB
[36m(RayTrainWorker pid=2085, ip=10.4.4.82)[0m epoch=0  step=830  loss=0.6094  lr=4.61e-06  gpu_peak=8.9 GB
[36m(RayTrainWorker pid=2085, ip=10.4.4.82)[0m epoch=0  step=840  loss=0.0446  lr=3.83e-06  gpu_peak=8.9 GB
[36m(RayTrainWorker pid=2085, ip=10.4.4.82)[0m epoch=0  step=850  loss=0.2179  lr=3.12e-06  gpu_peak=8.9 GB
[36m(RayTrainWorker pid=2085, ip=10.4.4.82)[0m epoch=0  step=860  loss=0.4200  lr=3.12e-06  gpu_peak=8.9 GB
[36m(RayTrainWorker pid=2085, ip=10.4.4.82)[0m epoch=0  step=870  loss=0.5278  lr=2.48e-06  gpu_peak=8.9 GB
[36m(RayTrainWorker pid=2085, ip=10.4.4.82)[0m epoch=0  step=880  loss=0.3718  lr=1.90e-06  gpu_peak=8.9 GB
[36m(RayTrainWorker pid=2085, ip=10.4.4.82)[0m epoch=0  step=890  loss=0.3659  lr=1.90e-06  gpu_peak=8.9 GB
[36m(RayTrainWorker pid=2085, ip=10.4.4.82)[0m epoch=0  step=900  loss=0.0907  lr=1.40e-06  gpu_peak=8.9 GB
[36m(RayTrainWorker pid=2085, ip=10.4.4.82)[0m epoch=0  step=910  loss=0.3268  lr=1.40e-06  gpu_peak=8.9 GB
[36m(RayTrainWorker pid=2085, ip=10.4.4.82)[0m epoch=0  step=920  loss=0.3052  lr=9.77e-07  gpu_peak=8.9 GB
[36m(RayTrainWorker pid=2085, ip=10.4.4.82)[0m epoch=0  step=930  loss=0.3687  lr=6.27e-07  gpu_peak=8.9 GB
[36m(RayTrainWorker pid=2085, ip=10.4.4.82)[0m epoch=0  step=940  loss=0.2471  lr=6.27e-07  gpu_peak=8.9 GB
[36m(RayTrainWorker pid=2085, ip=10.4.4.82)[0m epoch=0  step=950  loss=0.1797  lr=3.53e-07  gpu_peak=8.9 GB
[36m(RayTrainWorker pid=2085, ip=10.4.4.82)[0m epoch=0  step=960  loss=0.5744  lr=1.57e-07  gpu_peak=8.9 GB
[36m(RayTrainWorker pid=2085, ip=10.4.4.82)[0m epoch=0  step=970  loss=0.4239  lr=1.57e-07  gpu_peak=8.9 GB
[36m(RayTrainWorker pid=2085, ip=10.4.4.82)[0m epoch=0  step=980  loss=0.0627  lr=3.93e-08  gpu_peak=8.9 GB
[36m(RayTrainWorker pid=2085, ip=10.4.4.82)[0m epoch=0  step=990  loss=1.1158  lr=3.93e-08  gpu_peak=8.9 GB
[36m(RayTrainWorker pid=2082, ip=10.4.4.82)[0m Reporting training result 1: TrainingReport(checkpoint=None, metrics={'epoch': 0, 'steps': 1000, 'loss': 1.0426633193939925, 'lr': 3.9329624554584884e-08, 'gpu_peak_gb': 8.88}, validation=False)
[36m(RayTrainWorker pid=2085, ip=10.4.4.82)[0m epoch=0  step=1000  loss=0.3232  lr=0.00e+00  gpu_peak=8.9 GB
[36m(RayTrainWorker pid=2085, ip=10.4.4.82)[0m Checkpoint successfully created at: Checkpoint(filesystem=local, path=/checkpoint/physical-ai/vla-finetune-round1/checkpoint_2026-09-10_21-16-54.516718)
[36m(RayTrainWorker pid=2085, ip=10.4.4.82)[0m Reporting training result 1: TrainingReport(checkpoint=Checkpoint(filesystem=local, path=/checkpoint/physical-ai/vla-finetune-round1/checkpoint_2026-09-10_21-16-54.516718), metrics={'epoch': 0, 'steps': 1000, 'loss': 0.8700612834375352, 'lr': 3.9329624554584884e-08, 'gpu_peak_gb': 8.88}, validation=False)
2026-09-10 21:17:01,349 [INFO] ============================================================
2026-09-10 21:17:01,349 [INFO] Training completed in 276.1 seconds
2026-09-10 21:17:01,349 [INFO] Checkpoint saved to: /checkpoint/physical-ai/checkpoint_round1/state.pkl
2026-09-10 21:17:01,349 [INFO] Final Reported Metrics: {'epoch': 0, 'steps': 1000, 'loss': 0.8700612834375352, 'lr': 3.9329624554584884e-08, 'gpu_peak_gb': 8.88}
2026-09-10 21:17:01,349 [INFO] ============================================================
[36m(RayTrainWorker pid=2079, ip=10.4.4.82)[0m Reporting training result 1: TrainingReport(checkpoint=None, metrics={'epoch': 0, 'steps': 1000, 'loss': 0.6988083980623633, 'lr': 3.9329624554584884e-08, 'gpu_peak_gb': 8.88}, validation=False)[32m [repeated 6x across cluster][0m
2026-09-10 21:17:07,163	SUCC cli.py:65 -- [32m---------------------------------------------------[39m
2026-09-10 21:17:07,163	SUCC cli.py:66 -- [32mJob 'physical-ai-02-vla-finetuning-4tbkd' succeeded[39m
2026-09-10 21:17:07,163	SUCC cli.py:67 -- [32m---------------------------------------------------[39m
